-- phpMyAdmin SQL Dump
-- version 5.0.2
-- https://www.phpmyadmin.net/
--
-- Host: localhost
-- Generation Time: Aug 19, 2020 at 08:01 AM
-- Server version: 10.5.4-MariaDB-log
-- PHP Version: 7.4.8

SET SQL_MODE = "NO_AUTO_VALUE_ON_ZERO";
START TRANSACTION;
SET time_zone = "+00:00";


/*!40101 SET @OLD_CHARACTER_SET_CLIENT=@@CHARACTER_SET_CLIENT */;
/*!40101 SET @OLD_CHARACTER_SET_RESULTS=@@CHARACTER_SET_RESULTS */;
/*!40101 SET @OLD_COLLATION_CONNECTION=@@COLLATION_CONNECTION */;
/*!40101 SET NAMES utf8mb4 */;

--
-- Database: `halalmarketdb`
--

-- --------------------------------------------------------

--
-- Table structure for table `brands`
--

CREATE TABLE `brands` (
  `id` bigint(20) UNSIGNED NOT NULL,
  `active` int(11) NOT NULL DEFAULT 1,
  `image` varchar(255) COLLATE utf8mb4_unicode_ci NOT NULL DEFAULT 'default.png',
  `created_at` timestamp NULL DEFAULT NULL,
  `updated_at` timestamp NULL DEFAULT NULL,
  `deleted_at` timestamp NULL DEFAULT NULL
) ENGINE=InnoDB DEFAULT CHARSET=utf8mb4 COLLATE=utf8mb4_unicode_ci;

-- --------------------------------------------------------

--
-- Table structure for table `brand_translations`
--

CREATE TABLE `brand_translations` (
  `id` bigint(20) UNSIGNED NOT NULL,
  `brand_id` int(10) UNSIGNED NOT NULL,
  `name` varchar(255) COLLATE utf8mb4_unicode_ci NOT NULL,
  `locale` varchar(255) COLLATE utf8mb4_unicode_ci NOT NULL
) ENGINE=InnoDB DEFAULT CHARSET=utf8mb4 COLLATE=utf8mb4_unicode_ci;

-- --------------------------------------------------------

--
-- Table structure for table `categories`
--

CREATE TABLE `categories` (
  `id` bigint(20) UNSIGNED NOT NULL,
  `active` int(11) NOT NULL DEFAULT 1,
  `image_ar` varchar(255) COLLATE utf8mb4_unicode_ci NOT NULL DEFAULT 'default.png',
  `image_en` varchar(255) COLLATE utf8mb4_unicode_ci NOT NULL DEFAULT 'default.png',
  `icon` varchar(255) COLLATE utf8mb4_unicode_ci NOT NULL DEFAULT 'default.png',
  `created_at` timestamp NULL DEFAULT NULL,
  `updated_at` timestamp NULL DEFAULT NULL,
  `deleted_at` timestamp NULL DEFAULT NULL
) ENGINE=InnoDB DEFAULT CHARSET=utf8mb4 COLLATE=utf8mb4_unicode_ci;

--
-- Dumping data for table `categories`
--

INSERT INTO `categories` (`id`, `active`, `image_ar`, `image_en`, `icon`, `created_at`, `updated_at`, `deleted_at`) VALUES
(1, 1, 'default.png', 'default.png', 'default.png', '2020-08-19 04:22:37', '2020-08-19 04:22:37', NULL),
(2, 1, 'default.png', 'default.png', 'default.png', '2020-08-19 04:22:38', '2020-08-19 04:22:38', NULL),
(3, 1, 'default.png', 'default.png', 'default.png', '2020-08-19 04:22:38', '2020-08-19 04:22:38', NULL);

-- --------------------------------------------------------

--
-- Table structure for table `category_translations`
--

CREATE TABLE `category_translations` (
  `id` bigint(20) UNSIGNED NOT NULL,
  `category_id` int(10) UNSIGNED NOT NULL,
  `name` varchar(255) COLLATE utf8mb4_unicode_ci NOT NULL,
  `locale` varchar(255) COLLATE utf8mb4_unicode_ci NOT NULL
) ENGINE=InnoDB DEFAULT CHARSET=utf8mb4 COLLATE=utf8mb4_unicode_ci;

--
-- Dumping data for table `category_translations`
--

INSERT INTO `category_translations` (`id`, `category_id`, `name`, `locale`) VALUES
(1, 1, 'Category One', 'ar'),
(2, 1, 'Category One', 'en'),
(3, 2, 'Category Two', 'ar'),
(4, 2, 'Category Two', 'en'),
(5, 3, 'Category Three', 'ar'),
(6, 3, 'Category Three', 'en');

-- --------------------------------------------------------

--
-- Table structure for table `cities`
--

CREATE TABLE `cities` (
  `id` bigint(20) UNSIGNED NOT NULL,
  `active` int(11) NOT NULL DEFAULT 1,
  `country_id` int(10) UNSIGNED NOT NULL,
  `created_at` timestamp NULL DEFAULT NULL,
  `updated_at` timestamp NULL DEFAULT NULL,
  `deleted_at` timestamp NULL DEFAULT NULL
) ENGINE=InnoDB DEFAULT CHARSET=utf8mb4 COLLATE=utf8mb4_unicode_ci;

-- --------------------------------------------------------

--
-- Table structure for table `city_translations`
--

CREATE TABLE `city_translations` (
  `id` bigint(20) UNSIGNED NOT NULL,
  `city_id` int(10) UNSIGNED NOT NULL,
  `name` varchar(255) COLLATE utf8mb4_unicode_ci NOT NULL,
  `locale` varchar(255) COLLATE utf8mb4_unicode_ci NOT NULL
) ENGINE=InnoDB DEFAULT CHARSET=utf8mb4 COLLATE=utf8mb4_unicode_ci;

-- --------------------------------------------------------

--
-- Table structure for table `contacts`
--

CREATE TABLE `contacts` (
  `id` bigint(20) UNSIGNED NOT NULL,
  `title` varchar(255) COLLATE utf8mb4_unicode_ci NOT NULL,
  `customer_id` int(10) UNSIGNED NOT NULL,
  `mobile` varchar(255) COLLATE utf8mb4_unicode_ci NOT NULL,
  `active` int(11) NOT NULL DEFAULT 0,
  `message` text COLLATE utf8mb4_unicode_ci NOT NULL,
  `created_at` timestamp NULL DEFAULT NULL,
  `updated_at` timestamp NULL DEFAULT NULL,
  `deleted_at` timestamp NULL DEFAULT NULL
) ENGINE=InnoDB DEFAULT CHARSET=utf8mb4 COLLATE=utf8mb4_unicode_ci;

--
-- Dumping data for table `contacts`
--

INSERT INTO `contacts` (`id`, `title`, `customer_id`, `mobile`, `active`, `message`, `created_at`, `updated_at`, `deleted_at`) VALUES
(1, 'error', 1, '0595817016', 0, 'error', '2020-01-25 12:23:35', '2020-01-25 12:23:35', NULL),
(2, 'error', 2, '0595817016', 0, 'error', '2020-01-25 12:23:35', '2020-08-19 04:38:19', '2020-08-19 04:38:19');

-- --------------------------------------------------------

--
-- Table structure for table `countries`
--

CREATE TABLE `countries` (
  `id` bigint(20) UNSIGNED NOT NULL,
  `phone_code` varchar(255) COLLATE utf8mb4_unicode_ci NOT NULL,
  `iso_code` varchar(255) COLLATE utf8mb4_unicode_ci NOT NULL,
  `active` int(11) NOT NULL DEFAULT 0,
  `created_at` timestamp NULL DEFAULT NULL,
  `updated_at` timestamp NULL DEFAULT NULL,
  `deleted_at` timestamp NULL DEFAULT NULL
) ENGINE=InnoDB DEFAULT CHARSET=utf8mb4 COLLATE=utf8mb4_unicode_ci;

--
-- Dumping data for table `countries`
--

INSERT INTO `countries` (`id`, `phone_code`, `iso_code`, `active`, `created_at`, `updated_at`, `deleted_at`) VALUES
(1, '93', 'AFG', 0, '2020-08-19 04:22:38', '2020-08-19 04:22:38', NULL),
(2, '+358-18', 'ALA', 0, '2020-08-19 04:22:38', '2020-08-19 04:22:38', NULL),
(3, '355', 'ALB', 0, '2020-08-19 04:22:38', '2020-08-19 04:22:38', NULL),
(4, '213', 'DZA', 0, '2020-08-19 04:22:38', '2020-08-19 04:22:38', NULL),
(5, '+1-684', 'ASM', 0, '2020-08-19 04:22:38', '2020-08-19 04:22:38', NULL),
(6, '376', 'AND', 0, '2020-08-19 04:22:38', '2020-08-19 04:22:38', NULL),
(7, '244', 'AGO', 0, '2020-08-19 04:22:38', '2020-08-19 04:22:38', NULL),
(8, '+1-264', 'AIA', 0, '2020-08-19 04:22:38', '2020-08-19 04:22:38', NULL),
(9, '+1-268', 'ATG', 0, '2020-08-19 04:22:39', '2020-08-19 04:22:39', NULL),
(10, '54', 'ARG', 0, '2020-08-19 04:22:39', '2020-08-19 04:22:39', NULL),
(11, '374', 'ARM', 0, '2020-08-19 04:22:39', '2020-08-19 04:22:39', NULL),
(12, '297', 'ABW', 0, '2020-08-19 04:22:39', '2020-08-19 04:22:39', NULL),
(13, '61', 'AUS', 0, '2020-08-19 04:22:39', '2020-08-19 04:22:39', NULL),
(14, '43', 'AUT', 0, '2020-08-19 04:22:39', '2020-08-19 04:22:39', NULL),
(15, '994', 'AZE', 0, '2020-08-19 04:22:39', '2020-08-19 04:22:39', NULL),
(16, '+1-242', 'BHS', 0, '2020-08-19 04:22:39', '2020-08-19 04:22:39', NULL),
(17, '973', 'BHR', 0, '2020-08-19 04:22:39', '2020-08-19 04:22:39', NULL),
(18, '880', 'BGD', 0, '2020-08-19 04:22:39', '2020-08-19 04:22:39', NULL),
(19, '+1-246', 'BRB', 0, '2020-08-19 04:22:39', '2020-08-19 04:22:39', NULL),
(20, '375', 'BLR', 0, '2020-08-19 04:22:40', '2020-08-19 04:22:40', NULL),
(21, '32', 'BEL', 0, '2020-08-19 04:22:40', '2020-08-19 04:22:40', NULL),
(22, '501', 'BLZ', 0, '2020-08-19 04:22:40', '2020-08-19 04:22:40', NULL),
(23, '229', 'BEN', 0, '2020-08-19 04:22:40', '2020-08-19 04:22:40', NULL),
(24, '+1-441', 'BMU', 0, '2020-08-19 04:22:40', '2020-08-19 04:22:40', NULL),
(25, '975', 'BTN', 0, '2020-08-19 04:22:40', '2020-08-19 04:22:40', NULL),
(26, '591', 'BOL', 0, '2020-08-19 04:22:40', '2020-08-19 04:22:40', NULL),
(27, '387', 'BIH', 0, '2020-08-19 04:22:40', '2020-08-19 04:22:40', NULL),
(28, '267', 'BWA', 0, '2020-08-19 04:22:40', '2020-08-19 04:22:40', NULL),
(29, '55', 'BRA', 0, '2020-08-19 04:22:40', '2020-08-19 04:22:40', NULL),
(30, '‎246', 'IOT', 0, '2020-08-19 04:22:40', '2020-08-19 04:22:40', NULL),
(31, '673', 'BRN', 0, '2020-08-19 04:22:41', '2020-08-19 04:22:41', NULL),
(32, '359', 'BGR', 0, '2020-08-19 04:22:41', '2020-08-19 04:22:41', NULL),
(33, '226', 'BFA', 0, '2020-08-19 04:22:41', '2020-08-19 04:22:41', NULL),
(34, '257', 'BDI', 0, '2020-08-19 04:22:41', '2020-08-19 04:22:41', NULL),
(35, '855', 'KHM', 0, '2020-08-19 04:22:41', '2020-08-19 04:22:41', NULL),
(36, '237', 'CMR', 0, '2020-08-19 04:22:41', '2020-08-19 04:22:41', NULL),
(37, '1', 'CAN', 0, '2020-08-19 04:22:41', '2020-08-19 04:22:41', NULL),
(38, '238', 'CPV', 0, '2020-08-19 04:22:41', '2020-08-19 04:22:41', NULL),
(39, '+1-345', 'CYM', 0, '2020-08-19 04:22:41', '2020-08-19 04:22:41', NULL),
(40, '236', 'CAF', 0, '2020-08-19 04:22:41', '2020-08-19 04:22:41', NULL),
(41, '235', 'TCD', 0, '2020-08-19 04:22:41', '2020-08-19 04:22:41', NULL),
(42, '56', 'CHL', 0, '2020-08-19 04:22:42', '2020-08-19 04:22:42', NULL),
(43, '86', 'CHN', 0, '2020-08-19 04:22:42', '2020-08-19 04:22:42', NULL),
(44, '61', 'CXR', 0, '2020-08-19 04:22:42', '2020-08-19 04:22:42', NULL),
(45, '61', 'CCK', 0, '2020-08-19 04:22:42', '2020-08-19 04:22:42', NULL),
(46, '57', 'COL', 0, '2020-08-19 04:22:42', '2020-08-19 04:22:42', NULL),
(47, '269', 'COM', 0, '2020-08-19 04:22:42', '2020-08-19 04:22:42', NULL),
(48, '242', 'COG', 0, '2020-08-19 04:22:42', '2020-08-19 04:22:42', NULL),
(49, '243', 'COD', 0, '2020-08-19 04:22:42', '2020-08-19 04:22:42', NULL),
(50, '682', 'COK', 0, '2020-08-19 04:22:42', '2020-08-19 04:22:42', NULL),
(51, '506', 'CRI', 0, '2020-08-19 04:22:43', '2020-08-19 04:22:43', NULL),
(52, '225', 'CIV', 0, '2020-08-19 04:22:43', '2020-08-19 04:22:43', NULL),
(53, '385', 'HRV', 0, '2020-08-19 04:22:43', '2020-08-19 04:22:43', NULL),
(54, '53', 'CUB', 0, '2020-08-19 04:22:43', '2020-08-19 04:22:43', NULL),
(55, '357', 'CYP', 0, '2020-08-19 04:22:43', '2020-08-19 04:22:43', NULL),
(56, '420', 'CZE', 0, '2020-08-19 04:22:43', '2020-08-19 04:22:43', NULL),
(57, '45', 'DNK', 0, '2020-08-19 04:22:43', '2020-08-19 04:22:43', NULL),
(58, '253', 'DJI', 0, '2020-08-19 04:22:43', '2020-08-19 04:22:43', NULL),
(59, '+1-767', 'DMA', 0, '2020-08-19 04:22:43', '2020-08-19 04:22:43', NULL),
(60, '+1-809 and 1-829', 'DOM', 0, '2020-08-19 04:22:44', '2020-08-19 04:22:44', NULL),
(61, '670', 'TLS', 0, '2020-08-19 04:22:44', '2020-08-19 04:22:44', NULL),
(62, '593', 'ECU', 0, '2020-08-19 04:22:44', '2020-08-19 04:22:44', NULL),
(63, '20', 'EGY', 0, '2020-08-19 04:22:44', '2020-08-19 04:22:44', NULL),
(64, '503', 'SLV', 0, '2020-08-19 04:22:44', '2020-08-19 04:22:44', NULL),
(65, '240', 'GNQ', 0, '2020-08-19 04:22:44', '2020-08-19 04:22:44', NULL),
(66, '291', 'ERI', 0, '2020-08-19 04:22:45', '2020-08-19 04:22:45', NULL),
(67, '372', 'EST', 0, '2020-08-19 04:22:45', '2020-08-19 04:22:45', NULL),
(68, '251', 'ETH', 0, '2020-08-19 04:22:45', '2020-08-19 04:22:45', NULL),
(69, '500', 'FLK', 0, '2020-08-19 04:22:45', '2020-08-19 04:22:45', NULL),
(70, '298', 'FRO', 0, '2020-08-19 04:22:45', '2020-08-19 04:22:45', NULL),
(71, '679', 'FJI', 0, '2020-08-19 04:22:45', '2020-08-19 04:22:45', NULL),
(72, '358', 'FIN', 0, '2020-08-19 04:22:45', '2020-08-19 04:22:45', NULL),
(73, '33', 'FRA', 0, '2020-08-19 04:22:45', '2020-08-19 04:22:45', NULL),
(74, '594', 'GUF', 0, '2020-08-19 04:22:46', '2020-08-19 04:22:46', NULL),
(75, '689', 'PYF', 0, '2020-08-19 04:22:46', '2020-08-19 04:22:46', NULL),
(76, '262', 'ATF', 0, '2020-08-19 04:22:46', '2020-08-19 04:22:46', NULL),
(77, '241', 'GAB', 0, '2020-08-19 04:22:46', '2020-08-19 04:22:46', NULL),
(78, '220', 'GMB', 0, '2020-08-19 04:22:46', '2020-08-19 04:22:46', NULL),
(79, '995', 'GEO', 0, '2020-08-19 04:22:46', '2020-08-19 04:22:46', NULL),
(80, '49', 'DEU', 0, '2020-08-19 04:22:46', '2020-08-19 04:22:46', NULL),
(81, '233', 'GHA', 0, '2020-08-19 04:22:46', '2020-08-19 04:22:46', NULL),
(82, '350', 'GIB', 0, '2020-08-19 04:22:46', '2020-08-19 04:22:46', NULL),
(83, '30', 'GRC', 0, '2020-08-19 04:22:46', '2020-08-19 04:22:46', NULL),
(84, '299', 'GRL', 0, '2020-08-19 04:22:47', '2020-08-19 04:22:47', NULL),
(85, '+1-473', 'GRD', 0, '2020-08-19 04:22:47', '2020-08-19 04:22:47', NULL),
(86, '590', 'GLP', 0, '2020-08-19 04:22:47', '2020-08-19 04:22:47', NULL),
(87, '+1-671', 'GUM', 0, '2020-08-19 04:22:47', '2020-08-19 04:22:47', NULL),
(88, '502', 'GTM', 0, '2020-08-19 04:22:47', '2020-08-19 04:22:47', NULL),
(89, '+44-1481', 'GGY', 0, '2020-08-19 04:22:47', '2020-08-19 04:22:47', NULL),
(90, '224', 'GIN', 0, '2020-08-19 04:22:47', '2020-08-19 04:22:47', NULL),
(91, '245', 'GNB', 0, '2020-08-19 04:22:47', '2020-08-19 04:22:47', NULL),
(92, '592', 'GUY', 0, '2020-08-19 04:22:47', '2020-08-19 04:22:47', NULL),
(93, '509', 'HTI', 0, '2020-08-19 04:22:48', '2020-08-19 04:22:48', NULL),
(94, '504', 'HND', 0, '2020-08-19 04:22:48', '2020-08-19 04:22:48', NULL),
(95, '852', 'HKG', 0, '2020-08-19 04:22:48', '2020-08-19 04:22:48', NULL),
(96, '36', 'HUN', 0, '2020-08-19 04:22:48', '2020-08-19 04:22:48', NULL),
(97, '354', 'ISL', 0, '2020-08-19 04:22:48', '2020-08-19 04:22:48', NULL),
(98, '91', 'IND', 0, '2020-08-19 04:22:48', '2020-08-19 04:22:48', NULL),
(99, '62', 'IDN', 0, '2020-08-19 04:22:48', '2020-08-19 04:22:48', NULL),
(100, '98', 'IRN', 0, '2020-08-19 04:22:48', '2020-08-19 04:22:48', NULL),
(101, '964', 'IRQ', 0, '2020-08-19 04:22:48', '2020-08-19 04:22:48', NULL),
(102, '353', 'IRL', 0, '2020-08-19 04:22:49', '2020-08-19 04:22:49', NULL),
(103, '972', 'ISR', 0, '2020-08-19 04:22:49', '2020-08-19 04:22:49', NULL),
(104, '39', 'ITA', 0, '2020-08-19 04:22:49', '2020-08-19 04:22:49', NULL),
(105, '+1-876', 'JAM', 0, '2020-08-19 04:22:49', '2020-08-19 04:22:49', NULL),
(106, '81', 'JPN', 0, '2020-08-19 04:22:49', '2020-08-19 04:22:49', NULL),
(107, '+44-1534', 'JEY', 0, '2020-08-19 04:22:49', '2020-08-19 04:22:49', NULL),
(108, '962', 'JOR', 0, '2020-08-19 04:22:49', '2020-08-19 04:22:49', NULL),
(109, '7', 'KAZ', 0, '2020-08-19 04:22:49', '2020-08-19 04:22:49', NULL),
(110, '254', 'KEN', 0, '2020-08-19 04:22:49', '2020-08-19 04:22:49', NULL),
(111, '686', 'KIR', 0, '2020-08-19 04:22:50', '2020-08-19 04:22:50', NULL),
(112, '850', 'PRK', 0, '2020-08-19 04:22:50', '2020-08-19 04:22:50', NULL),
(113, '82', 'KOR', 0, '2020-08-19 04:22:50', '2020-08-19 04:22:50', NULL),
(114, '383', 'XKX', 0, '2020-08-19 04:22:50', '2020-08-19 04:22:50', NULL),
(115, '965', 'KWT', 0, '2020-08-19 04:22:50', '2020-08-19 04:22:50', NULL),
(116, '996', 'KGZ', 0, '2020-08-19 04:22:50', '2020-08-19 04:22:50', NULL),
(117, '856', 'LAO', 0, '2020-08-19 04:22:51', '2020-08-19 04:22:51', NULL),
(118, '371', 'LVA', 0, '2020-08-19 04:22:51', '2020-08-19 04:22:51', NULL),
(119, '961', 'LBN', 0, '2020-08-19 04:22:51', '2020-08-19 04:22:51', NULL),
(120, '266', 'LSO', 0, '2020-08-19 04:22:51', '2020-08-19 04:22:51', NULL),
(121, '231', 'LBR', 0, '2020-08-19 04:22:51', '2020-08-19 04:22:51', NULL),
(122, '218', 'LBY', 0, '2020-08-19 04:22:51', '2020-08-19 04:22:51', NULL),
(123, '423', 'LIE', 0, '2020-08-19 04:22:51', '2020-08-19 04:22:51', NULL),
(124, '370', 'LTU', 0, '2020-08-19 04:22:51', '2020-08-19 04:22:51', NULL),
(125, '352', 'LUX', 0, '2020-08-19 04:22:52', '2020-08-19 04:22:52', NULL),
(126, '853', 'MAC', 0, '2020-08-19 04:22:52', '2020-08-19 04:22:52', NULL),
(127, '389', 'MKD', 0, '2020-08-19 04:22:52', '2020-08-19 04:22:52', NULL),
(128, '261', 'MDG', 0, '2020-08-19 04:22:52', '2020-08-19 04:22:52', NULL),
(129, '265', 'MWI', 0, '2020-08-19 04:22:52', '2020-08-19 04:22:52', NULL),
(130, '60', 'MYS', 0, '2020-08-19 04:22:52', '2020-08-19 04:22:52', NULL),
(131, '960', 'MDV', 0, '2020-08-19 04:22:52', '2020-08-19 04:22:52', NULL),
(132, '223', 'MLI', 0, '2020-08-19 04:22:52', '2020-08-19 04:22:52', NULL),
(133, '356', 'MLT', 0, '2020-08-19 04:22:52', '2020-08-19 04:22:52', NULL),
(134, '+44-1624', 'IMN', 0, '2020-08-19 04:22:53', '2020-08-19 04:22:53', NULL),
(135, '692', 'MHL', 0, '2020-08-19 04:22:53', '2020-08-19 04:22:53', NULL),
(136, '596', 'MTQ', 0, '2020-08-19 04:22:53', '2020-08-19 04:22:53', NULL),
(137, '222', 'MRT', 0, '2020-08-19 04:22:53', '2020-08-19 04:22:53', NULL),
(138, '230', 'MUS', 0, '2020-08-19 04:22:53', '2020-08-19 04:22:53', NULL),
(139, '262', 'MYT', 0, '2020-08-19 04:22:53', '2020-08-19 04:22:53', NULL),
(140, '52', 'MEX', 0, '2020-08-19 04:22:53', '2020-08-19 04:22:53', NULL),
(141, '691', 'FSM', 0, '2020-08-19 04:22:53', '2020-08-19 04:22:53', NULL),
(142, '373', 'MDA', 0, '2020-08-19 04:22:54', '2020-08-19 04:22:54', NULL),
(143, '377', 'MCO', 0, '2020-08-19 04:22:54', '2020-08-19 04:22:54', NULL),
(144, '976', 'MNG', 0, '2020-08-19 04:22:54', '2020-08-19 04:22:54', NULL),
(145, '382', 'MNE', 0, '2020-08-19 04:22:54', '2020-08-19 04:22:54', NULL),
(146, '+1-664', 'MSR', 0, '2020-08-19 04:22:54', '2020-08-19 04:22:54', NULL),
(147, '212', 'MAR', 0, '2020-08-19 04:22:54', '2020-08-19 04:22:54', NULL),
(148, '258', 'MOZ', 0, '2020-08-19 04:22:54', '2020-08-19 04:22:54', NULL),
(149, '95', 'MMR', 0, '2020-08-19 04:22:54', '2020-08-19 04:22:54', NULL),
(150, '264', 'NAM', 0, '2020-08-19 04:22:54', '2020-08-19 04:22:54', NULL),
(151, '674', 'NRU', 0, '2020-08-19 04:22:54', '2020-08-19 04:22:54', NULL),
(152, '977', 'NPL', 0, '2020-08-19 04:22:55', '2020-08-19 04:22:55', NULL),
(153, '31', 'NLD', 0, '2020-08-19 04:22:55', '2020-08-19 04:22:55', NULL),
(154, '687', 'NCL', 0, '2020-08-19 04:22:55', '2020-08-19 04:22:55', NULL),
(155, '64', 'NZL', 0, '2020-08-19 04:22:55', '2020-08-19 04:22:55', NULL),
(156, '505', 'NIC', 0, '2020-08-19 04:22:55', '2020-08-19 04:22:55', NULL),
(157, '227', 'NER', 0, '2020-08-19 04:22:55', '2020-08-19 04:22:55', NULL),
(158, '234', 'NGA', 0, '2020-08-19 04:22:55', '2020-08-19 04:22:55', NULL),
(159, '683', 'NIU', 0, '2020-08-19 04:22:56', '2020-08-19 04:22:56', NULL),
(160, '672', 'NFK', 0, '2020-08-19 04:22:56', '2020-08-19 04:22:56', NULL),
(161, '+1-670', 'MNP', 0, '2020-08-19 04:22:56', '2020-08-19 04:22:56', NULL),
(162, '47', 'NOR', 0, '2020-08-19 04:22:56', '2020-08-19 04:22:56', NULL),
(163, '968', 'OMN', 0, '2020-08-19 04:22:56', '2020-08-19 04:22:56', NULL),
(164, '92', 'PAK', 0, '2020-08-19 04:22:56', '2020-08-19 04:22:56', NULL),
(165, '680', 'PLW', 0, '2020-08-19 04:22:56', '2020-08-19 04:22:56', NULL),
(166, '970', 'PSE', 0, '2020-08-19 04:22:56', '2020-08-19 04:22:56', NULL),
(167, '507', 'PAN', 0, '2020-08-19 04:22:57', '2020-08-19 04:22:57', NULL),
(168, '675', 'PNG', 0, '2020-08-19 04:22:57', '2020-08-19 04:22:57', NULL),
(169, '595', 'PRY', 0, '2020-08-19 04:22:57', '2020-08-19 04:22:57', NULL),
(170, '51', 'PER', 0, '2020-08-19 04:22:57', '2020-08-19 04:22:57', NULL),
(171, '63', 'PHL', 0, '2020-08-19 04:22:57', '2020-08-19 04:22:57', NULL),
(172, '870', 'PCN', 0, '2020-08-19 04:22:57', '2020-08-19 04:22:57', NULL),
(173, '48', 'POL', 0, '2020-08-19 04:22:57', '2020-08-19 04:22:57', NULL),
(174, '351', 'PRT', 0, '2020-08-19 04:22:57', '2020-08-19 04:22:57', NULL),
(175, '+1-787 and 1-939', 'PRI', 0, '2020-08-19 04:22:57', '2020-08-19 04:22:57', NULL),
(176, '974', 'QAT', 0, '2020-08-19 04:22:58', '2020-08-19 04:22:58', NULL),
(177, '262', 'REU', 0, '2020-08-19 04:22:58', '2020-08-19 04:22:58', NULL),
(178, '40', 'ROU', 0, '2020-08-19 04:22:58', '2020-08-19 04:22:58', NULL),
(179, '7', 'RUS', 0, '2020-08-19 04:22:58', '2020-08-19 04:22:58', NULL),
(180, '250', 'RWA', 0, '2020-08-19 04:22:58', '2020-08-19 04:22:58', NULL),
(181, '290', 'SHN', 0, '2020-08-19 04:22:58', '2020-08-19 04:22:58', NULL),
(182, '+1-869', 'KNA', 0, '2020-08-19 04:22:58', '2020-08-19 04:22:58', NULL),
(183, '+1-758', 'LCA', 0, '2020-08-19 04:22:58', '2020-08-19 04:22:58', NULL),
(184, '508', 'SPM', 0, '2020-08-19 04:22:58', '2020-08-19 04:22:58', NULL),
(185, '+1-784', 'VCT', 0, '2020-08-19 04:22:59', '2020-08-19 04:22:59', NULL),
(186, '590', 'BLM', 0, '2020-08-19 04:22:59', '2020-08-19 04:22:59', NULL),
(187, '590', 'MAF', 0, '2020-08-19 04:22:59', '2020-08-19 04:22:59', NULL),
(188, '685', 'WSM', 0, '2020-08-19 04:22:59', '2020-08-19 04:22:59', NULL),
(189, '378', 'SMR', 0, '2020-08-19 04:22:59', '2020-08-19 04:22:59', NULL),
(190, '239', 'STP', 0, '2020-08-19 04:22:59', '2020-08-19 04:22:59', NULL),
(191, '966', 'SAU', 0, '2020-08-19 04:22:59', '2020-08-19 04:22:59', NULL),
(192, '221', 'SEN', 0, '2020-08-19 04:22:59', '2020-08-19 04:22:59', NULL),
(193, '381', 'SRB', 0, '2020-08-19 04:22:59', '2020-08-19 04:22:59', NULL),
(194, '248', 'SYC', 0, '2020-08-19 04:23:00', '2020-08-19 04:23:00', NULL),
(195, '232', 'SLE', 0, '2020-08-19 04:23:00', '2020-08-19 04:23:00', NULL),
(196, '65', 'SGP', 0, '2020-08-19 04:23:00', '2020-08-19 04:23:00', NULL),
(197, '421', 'SVK', 0, '2020-08-19 04:23:00', '2020-08-19 04:23:00', NULL),
(198, '386', 'SVN', 0, '2020-08-19 04:23:00', '2020-08-19 04:23:00', NULL),
(199, '677', 'SLB', 0, '2020-08-19 04:23:00', '2020-08-19 04:23:00', NULL),
(200, '252', 'SOM', 0, '2020-08-19 04:23:00', '2020-08-19 04:23:00', NULL),
(201, '27', 'ZAF', 0, '2020-08-19 04:23:00', '2020-08-19 04:23:00', NULL),
(202, '211', 'SSD', 0, '2020-08-19 04:23:00', '2020-08-19 04:23:00', NULL),
(203, '34', 'ESP', 0, '2020-08-19 04:23:01', '2020-08-19 04:23:01', NULL),
(204, '94', 'LKA', 0, '2020-08-19 04:23:01', '2020-08-19 04:23:01', NULL),
(205, '249', 'SDN', 0, '2020-08-19 04:23:01', '2020-08-19 04:23:01', NULL),
(206, '597', 'SUR', 0, '2020-08-19 04:23:01', '2020-08-19 04:23:01', NULL),
(207, '268', 'SWZ', 0, '2020-08-19 04:23:01', '2020-08-19 04:23:01', NULL),
(208, '46', 'SWE', 0, '2020-08-19 04:23:01', '2020-08-19 04:23:01', NULL),
(209, '41', 'CHE', 0, '2020-08-19 04:23:01', '2020-08-19 04:23:01', NULL),
(210, '963', 'SYR', 0, '2020-08-19 04:23:01', '2020-08-19 04:23:01', NULL),
(211, '886', 'TWN', 0, '2020-08-19 04:23:02', '2020-08-19 04:23:02', NULL),
(212, '992', 'TJK', 0, '2020-08-19 04:23:02', '2020-08-19 04:23:02', NULL),
(213, '255', 'TZA', 0, '2020-08-19 04:23:02', '2020-08-19 04:23:02', NULL),
(214, '66', 'THA', 0, '2020-08-19 04:23:02', '2020-08-19 04:23:02', NULL),
(215, '228', 'TGO', 0, '2020-08-19 04:23:02', '2020-08-19 04:23:02', NULL),
(216, '690', 'TKL', 0, '2020-08-19 04:23:02', '2020-08-19 04:23:02', NULL),
(217, '676', 'TON', 0, '2020-08-19 04:23:02', '2020-08-19 04:23:02', NULL),
(218, '+1-868', 'TTO', 0, '2020-08-19 04:23:03', '2020-08-19 04:23:03', NULL),
(219, '216', 'TUN', 0, '2020-08-19 04:23:03', '2020-08-19 04:23:03', NULL),
(220, '90', 'TUR', 0, '2020-08-19 04:23:03', '2020-08-19 04:23:03', NULL),
(221, '993', 'TKM', 0, '2020-08-19 04:23:03', '2020-08-19 04:23:03', NULL),
(222, '+1-649', 'TCA', 0, '2020-08-19 04:23:03', '2020-08-19 04:23:03', NULL),
(223, '688', 'TUV', 0, '2020-08-19 04:23:03', '2020-08-19 04:23:03', NULL),
(224, '256', 'UGA', 0, '2020-08-19 04:23:03', '2020-08-19 04:23:03', NULL),
(225, '380', 'UKR', 0, '2020-08-19 04:23:03', '2020-08-19 04:23:03', NULL),
(226, '971', 'ARE', 0, '2020-08-19 04:23:03', '2020-08-19 04:23:03', NULL),
(227, '44', 'GBR', 0, '2020-08-19 04:23:03', '2020-08-19 04:23:03', NULL),
(228, '1', 'USA', 0, '2020-08-19 04:23:04', '2020-08-19 04:23:04', NULL),
(229, '598', 'URY', 0, '2020-08-19 04:23:04', '2020-08-19 04:23:04', NULL),
(230, '998', 'UZB', 0, '2020-08-19 04:23:04', '2020-08-19 04:23:04', NULL),
(231, '678', 'VUT', 0, '2020-08-19 04:23:04', '2020-08-19 04:23:04', NULL),
(232, '58', 'VEN', 0, '2020-08-19 04:23:04', '2020-08-19 04:23:04', NULL),
(233, '84', 'VNM', 0, '2020-08-19 04:23:04', '2020-08-19 04:23:04', NULL),
(234, '+1-284', 'VGB', 0, '2020-08-19 04:23:04', '2020-08-19 04:23:04', NULL),
(235, '681', 'WLF', 0, '2020-08-19 04:23:04', '2020-08-19 04:23:04', NULL),
(236, '212', 'ESH', 0, '2020-08-19 04:23:04', '2020-08-19 04:23:04', NULL),
(237, '967', 'YEM', 0, '2020-08-19 04:23:05', '2020-08-19 04:23:05', NULL),
(238, '260', 'ZMB', 0, '2020-08-19 04:23:05', '2020-08-19 04:23:05', NULL),
(239, '263', 'ZWE', 0, '2020-08-19 04:23:05', '2020-08-19 04:23:05', NULL);

-- --------------------------------------------------------

--
-- Table structure for table `country_translations`
--

CREATE TABLE `country_translations` (
  `id` bigint(20) UNSIGNED NOT NULL,
  `country_id` int(10) UNSIGNED NOT NULL,
  `name` varchar(255) COLLATE utf8mb4_unicode_ci NOT NULL,
  `currency` varchar(255) COLLATE utf8mb4_unicode_ci NOT NULL,
  `locale` varchar(255) COLLATE utf8mb4_unicode_ci NOT NULL
) ENGINE=InnoDB DEFAULT CHARSET=utf8mb4 COLLATE=utf8mb4_unicode_ci;

--
-- Dumping data for table `country_translations`
--

INSERT INTO `country_translations` (`id`, `country_id`, `name`, `currency`, `locale`) VALUES
(1, 1, 'أفغانستان', 'أفغاني', 'ar'),
(2, 1, 'Afghanistan', 'AFN', 'en'),
(3, 2, 'جزر آلاند', 'يورو', 'ar'),
(4, 2, 'Aland Islands', 'EUR', 'en'),
(5, 3, 'ألبانيا', 'ليك ألباني', 'ar'),
(6, 3, 'Albania', 'ALL', 'en'),
(7, 4, 'الجزائر', 'دينار جزائري', 'ar'),
(8, 4, 'Algeria', 'DZD', 'en'),
(9, 5, 'ساموا الأمريكية', 'دولار أمريكي', 'ar'),
(10, 5, 'American Samoa', 'USD', 'en'),
(11, 6, 'أندورا', 'يورو', 'ar'),
(12, 6, 'Andorra', 'EUR', 'en'),
(13, 7, 'أنغولا', 'كوانزا أنغولي', 'ar'),
(14, 7, 'Angola', 'AOA', 'en'),
(15, 8, 'أنجويلا', 'دولار شرق الكاريبي', 'ar'),
(16, 8, 'Anguilla', 'XCD', 'en'),
(17, 9, 'انتيغا وباربودا', 'دولار شرق الكاريبي', 'ar'),
(18, 9, 'Antigua And Barbuda', 'XCD', 'en'),
(19, 10, 'الأرجنتين', 'بيزو أرجنتيني', 'ar'),
(20, 10, 'Argentina', 'ARS', 'en'),
(21, 11, 'أرمينيا', 'درام أرميني', 'ar'),
(22, 11, 'Armenia', 'AMD', 'en'),
(23, 12, 'أروبا', 'فلورن أروبي', 'ar'),
(24, 12, 'Aruba', 'AWG', 'en'),
(25, 13, 'أستراليا', 'دولار أسترالي', 'ar'),
(26, 13, 'Australia', 'AUD', 'en'),
(27, 14, 'النمسا', 'يورو', 'ar'),
(28, 14, 'Austria', 'EUR', 'en'),
(29, 15, 'أذربيجان', 'مانات أذربيجاني', 'ar'),
(30, 15, 'Azerbaijan', 'AZN', 'en'),
(31, 16, 'الباهاما', 'دولار بهامي', 'ar'),
(32, 16, 'Bahamas', 'BSD', 'en'),
(33, 17, 'البحرين', 'دينار بحريني', 'ar'),
(34, 17, 'Bahrain', 'BHD', 'en'),
(35, 18, 'بنغلاديش', 'تاكا بنغلاديشي', 'ar'),
(36, 18, 'Bangladesh', 'BDT', 'en'),
(37, 19, 'بربادوس', 'دولار بربادوسي', 'ar'),
(38, 19, 'Barbados', 'BBD', 'en'),
(39, 20, 'روسيا البيضاء', 'روبل روسي', 'ar'),
(40, 20, 'Belarus', 'BYN', 'en'),
(41, 21, 'بلجيكا', 'يورو', 'ar'),
(42, 21, 'Belgium', 'EUR', 'en'),
(43, 22, 'بيليز', 'دولار بليزي', 'ar'),
(44, 22, 'Belize', 'BZD', 'en'),
(45, 23, 'بنين', 'فرنك غرب أفريقي', 'ar'),
(46, 23, 'Benin', 'XOF', 'en'),
(47, 24, 'برمودا', 'دولار برمودي', 'ar'),
(48, 24, 'Bermuda', 'BMD', 'en'),
(49, 25, 'بوتان', 'نغولتروم بوتاني', 'ar'),
(50, 25, 'Bhutan', 'BTN', 'en'),
(51, 26, 'بوليفيا', 'بوليفيانو بوليفي', 'ar'),
(52, 26, 'Bolivia', 'BOB', 'en'),
(53, 27, 'البوسنة والهرسك', 'مارك بوسني قابل للتحويل', 'ar'),
(54, 27, 'Bosnia and Herzegovina', 'BAM', 'en'),
(55, 28, 'بوتسوانا', 'بولا بوتسواني', 'ar'),
(56, 28, 'Botswana', 'BWP', 'en'),
(57, 29, 'البرازيل', 'ريال برازيلي', 'ar'),
(58, 29, 'Brazil', 'BRL', 'en'),
(59, 30, 'إقليم المحيط الهندي البريطاني', 'دولار أمريكي', 'ar'),
(60, 30, 'British Indian Ocean Territory', 'USD', 'en'),
(61, 31, 'بروناي', 'دولار بروني', 'ar'),
(62, 31, 'Brunei', 'BND', 'en'),
(63, 32, 'بلغاريا', 'ليف بلغاري', 'ar'),
(64, 32, 'Bulgaria', 'BGN', 'en'),
(65, 33, 'بوركينا فاسو', 'فرنك غرب أفريقي', 'ar'),
(66, 33, 'Burkina Faso', 'XOF', 'en'),
(67, 34, 'بوروندي', 'فرنك بوروندي', 'ar'),
(68, 34, 'Burundi', 'BIF', 'en'),
(69, 35, 'كمبوديا', 'ريال كمبودي', 'ar'),
(70, 35, 'Cambodia', 'KHR', 'en'),
(71, 36, 'الكاميرون', 'فرنك وسط أفريقي', 'ar'),
(72, 36, 'Cameroon', 'XAF', 'en'),
(73, 37, 'كندا', 'دولار كندي', 'ar'),
(74, 37, 'Canada', 'CAD', 'en'),
(75, 38, 'الرأس الأخضر', 'إيسكودو جزر الرأس الأخضر', 'ar'),
(76, 38, 'Cape Verde', 'CVE', 'en'),
(77, 39, 'جزر كايمان', 'دولار جزر كايمان', 'ar'),
(78, 39, 'Cayman Islands', 'KYD', 'en'),
(79, 40, 'جمهورية افريقيا الوسطى', 'فرنك وسط أفريقي', 'ar'),
(80, 40, 'Central African Republic', 'XAF', 'en'),
(81, 41, 'تشاد', 'فرنك وسط أفريقي', 'ar'),
(82, 41, 'Chad', 'XAF', 'en'),
(83, 42, 'تشيلي', 'بيزو تشيلي', 'ar'),
(84, 42, 'Chile', 'CLP', 'en'),
(85, 43, 'الصين', 'رنمينبي', 'ar'),
(86, 43, 'China', 'CNY', 'en'),
(87, 44, 'جزيرة الكريسماس', 'دولار أسترالي', 'ar'),
(88, 44, 'Christmas Island', 'AUD', 'en'),
(89, 45, 'جزر كوكوس (كيلينغ)', 'دولار أسترالي', 'ar'),
(90, 45, 'Cocos (Keeling) Islands', 'AUD', 'en'),
(91, 46, 'كولومبيا', 'بيزو كولومبي', 'ar'),
(92, 46, 'Colombia', 'COP', 'en'),
(93, 47, 'جزر القمر', 'فرنك قمري', 'ar'),
(94, 47, 'Comoros', 'KMF', 'en'),
(95, 48, 'الكونغو', 'فرنك كونغولي', 'ar'),
(96, 48, 'Congo', 'XAF', 'en'),
(97, 49, 'جمهورية الكونغو الديمقراطية', 'فرنك كونغولي', 'ar'),
(98, 49, 'Congo The Democratic Republic Of The', 'CDF', 'en'),
(99, 50, 'جزر كوك', 'دولار نيوزيلندي', 'ar'),
(100, 50, 'Cook Islands', 'NZD', 'en'),
(101, 51, 'كوستا ريكا', 'كولون كوستاريكي', 'ar'),
(102, 51, 'Costa Rica', 'CRC', 'en'),
(103, 52, 'ساحل العاج', 'فرنك غرب أفريقي', 'ar'),
(104, 52, 'Ivory Coast', 'XOF', 'en'),
(105, 53, 'كرواتيا ', 'كونا كرواتية', 'ar'),
(106, 53, 'Croatia', 'HRK', 'en'),
(107, 54, 'كوبا', 'بيزو كوبي', 'ar'),
(108, 54, 'Cuba', 'CUP', 'en'),
(109, 55, 'قبرص', 'يورو', 'ar'),
(110, 55, 'Cyprus', 'EUR', 'en'),
(111, 56, 'جمهورية التشيك', 'كرونة تشيكية', 'ar'),
(112, 56, 'Czech Republic', 'CZK', 'en'),
(113, 57, 'الدنمارك', 'كرونة دنماركية', 'ar'),
(114, 57, 'Denmark', 'DKK', 'en'),
(115, 58, 'جيبوتي', 'فرنك جيبوتي', 'ar'),
(116, 58, 'Djibouti', 'DJF', 'en'),
(117, 59, 'دومينيكا', 'دولار شرق الكاريبي', 'ar'),
(118, 59, 'Dominica', 'XCD', 'en'),
(119, 60, 'جمهورية الدومينيكان', 'بيزو دومنيكاني', 'ar'),
(120, 60, 'Dominican Republic', 'DOP', 'en'),
(121, 61, 'تيمور الشرقية', 'دولار أمريكي', 'ar'),
(122, 61, 'East Timor', 'USD', 'en'),
(123, 62, 'الإكوادور', 'دولار أمريكي', 'ar'),
(124, 62, 'Ecuador', 'USD', 'en'),
(125, 63, 'مصر', 'جنيه مصري', 'ar'),
(126, 63, 'Egypt', 'EGP', 'en'),
(127, 64, 'السلفادور', 'دولار أمريكي', 'ar'),
(128, 64, 'El Salvador', 'USD', 'en'),
(129, 65, 'غينيا الإستوائية', 'فرنك وسط أفريقي', 'ar'),
(130, 65, 'Equatorial Guinea', 'XAF', 'en'),
(131, 66, 'إريتريا', 'ناكفا', 'ar'),
(132, 66, 'Eritrea', 'ERN', 'en'),
(133, 67, 'استونيا', 'يورو', 'ar'),
(134, 67, 'Estonia', 'EUR', 'en'),
(135, 68, 'أثيوبيا', 'بير إثيوبي', 'ar'),
(136, 68, 'Ethiopia', 'ETB', 'en'),
(137, 69, 'جزر فوكلاند', 'جنيه جزر فوكلاند', 'ar'),
(138, 69, 'Falkland Islands', 'FKP', 'en'),
(139, 70, 'جزر فارو', 'كرونة دنماركية', 'ar'),
(140, 70, 'Faroe Islands', 'DKK', 'en'),
(141, 71, 'جزر فيجي', 'دولار فيجي', 'ar'),
(142, 71, 'Fiji Islands', 'FJD', 'en'),
(143, 72, 'فنلندا', 'يورو', 'ar'),
(144, 72, 'Finland', 'EUR', 'en'),
(145, 73, 'فرنسا', 'يورو', 'ar'),
(146, 73, 'France', 'EUR', 'en'),
(147, 74, 'غينيا الفرنسية', 'يورو', 'ar'),
(148, 74, 'French Guiana', 'EUR', 'en'),
(149, 75, 'بولينيزيا الفرنسية', 'فرنك باسيفيكي', 'ar'),
(150, 75, 'French Polynesia', 'XPF', 'en'),
(151, 76, 'أراضي فرنسية جنوبية وأنتارتيكية', 'يورو', 'ar'),
(152, 76, 'French Southern and Antarctic Lands', 'EUR', 'en'),
(153, 77, 'الغابون', 'فرنك وسط أفريقي', 'ar'),
(154, 77, 'Gabon', 'XAF', 'en'),
(155, 78, 'غامبيا', 'دالاسي غامبي', 'ar'),
(156, 78, 'Gambia', 'GMD', 'en'),
(157, 79, 'جورجيا', 'لاري جورجي', 'ar'),
(158, 79, 'Georgia', 'GEL', 'en'),
(159, 80, 'ألمانيا', 'يورو', 'ar'),
(160, 80, 'Germany', 'EUR', 'en'),
(161, 81, 'غانا', 'سيدي غاني', 'ar'),
(162, 81, 'Ghana', 'GHS', 'en'),
(163, 82, 'جبل طارق', 'جنيه جبل طارق', 'ar'),
(164, 82, 'Gibraltar', 'GIP', 'en'),
(165, 83, 'اليونان', 'يورو', 'ar'),
(166, 83, 'Greece', 'EUR', 'en'),
(167, 84, 'جرينلاند', 'كرونة دنماركية', 'ar'),
(168, 84, 'Greenland', 'DKK', 'en'),
(169, 85, 'غرينادا', 'دولار شرق الكاريبي', 'ar'),
(170, 85, 'Grenada', 'XCD', 'en'),
(171, 86, 'جوادلوب', 'يورو', 'ar'),
(172, 86, 'Guadeloupe', 'EUR', 'en'),
(173, 87, 'غوام', 'دولار أمريكي', 'ar'),
(174, 87, 'Guam', 'USD', 'en'),
(175, 88, 'غواتيمالا', 'كتزال غواتيمالي', 'ar'),
(176, 88, 'Guatemala', 'GTQ', 'en'),
(177, 89, 'آلدرني', 'جنيه إسترليني', 'ar'),
(178, 89, 'Guernsey and Alderney', 'GBP', 'en'),
(179, 90, 'غينيا', 'فرنك غيني', 'ar'),
(180, 90, 'Guinea', 'GNF', 'en'),
(181, 91, 'غينيا بيساو', 'فرنك غرب أفريقي', 'ar'),
(182, 91, 'Guinea-Bissau', 'XOF', 'en'),
(183, 92, 'غيانا', 'دولار غياني', 'ar'),
(184, 92, 'Guyana', 'GYD', 'en'),
(185, 93, 'هايتي', 'جوردة هايتية', 'ar'),
(186, 93, 'Haiti', 'HTG', 'en'),
(187, 94, 'هندوراس', 'لمبيرة هندوراسية', 'ar'),
(188, 94, 'Honduras', 'HNL', 'en'),
(189, 95, 'هونغ كونغ', 'دولار هونغ كونغ', 'ar'),
(190, 95, 'Hong Kong', 'HKD', 'en'),
(191, 96, 'المجر', 'فورنت مجري', 'ar'),
(192, 96, 'Hungary', 'HUF', 'en'),
(193, 97, 'أيسلندا', 'كرونة آيسلندية', 'ar'),
(194, 97, 'Iceland', 'ISK', 'en'),
(195, 98, 'الهند', 'روبية هندية', 'ar'),
(196, 98, 'India', 'INR', 'en'),
(197, 99, 'أندونيسيا', 'روبية إندونيسية', 'ar'),
(198, 99, 'Indonesia', 'IDR', 'en'),
(199, 100, 'إيران', 'ريال إيراني', 'ar'),
(200, 100, 'Iran', 'IRR', 'en'),
(201, 101, 'العراق', 'دينار عراقي', 'ar'),
(202, 101, 'Iraq', 'IQD', 'en'),
(203, 102, 'أيرلندا', 'يورو', 'ar'),
(204, 102, 'Ireland', 'EUR', 'en'),
(205, 103, 'الكيان الصهيوني', 'شيكل إسرائيلي', 'ar'),
(206, 103, 'Israel', 'ILS', 'en'),
(207, 104, 'إيطاليا', 'يورو', 'ar'),
(208, 104, 'Italy', 'EUR', 'en'),
(209, 105, 'جامايكا', 'دولار جامايكي', 'ar'),
(210, 105, 'Jamaica', 'JMD', 'en'),
(211, 106, 'اليابان', 'ين ياباني', 'ar'),
(212, 106, 'Japan', 'JPY', 'en'),
(213, 107, 'جيرسي', 'جنيه إسترليني', 'ar'),
(214, 107, 'Jersey', 'GBP', 'en'),
(215, 108, 'الأردن', 'دينار أردني', 'ar'),
(216, 108, 'Jordan', 'JOD', 'en'),
(217, 109, 'كازاخستان', 'تينغ كازاخستاني', 'ar'),
(218, 109, 'Kazakhstan', 'KZT', 'en'),
(219, 110, 'كينيا', 'شيلينغ كيني', 'ar'),
(220, 110, 'Kenya', 'KES', 'en'),
(221, 111, 'كيريباس', 'دولار أسترالي', 'ar'),
(222, 111, 'Kiribati', 'AUD', 'en'),
(223, 112, 'كوريا الشمالية', 'وون كوري شمالي', 'ar'),
(224, 112, 'Korea North', 'KPW', 'en'),
(225, 113, 'كوريا الجنوبية', 'وون كوري جنوبي', 'ar'),
(226, 113, 'Korea South', 'KRW', 'en'),
(227, 114, 'كوسوفو', 'يورو', 'ar'),
(228, 114, 'Kosovo', 'EUR', 'en'),
(229, 115, 'الكويت', 'دينار كويتي', 'ar'),
(230, 115, 'Kuwait', 'KWD', 'en'),
(231, 116, 'قرغيزستان', 'سوم قيرغيزستاني', 'ar'),
(232, 116, 'Kyrgyzstan', 'KGS', 'en'),
(233, 117, 'لاوس', 'كيب لاوي', 'ar'),
(234, 117, 'Laos', 'LAK', 'en'),
(235, 118, 'لاتفيا', 'يورو', 'ar'),
(236, 118, 'Latvia', 'EUR', 'en'),
(237, 119, 'لبنان', 'ليرة لبنانية', 'ar'),
(238, 119, 'Lebanon', 'LBP', 'en'),
(239, 120, 'ليسوتو', 'راند جنوب أفريقي', 'ar'),
(240, 120, 'Lesotho', 'LSL', 'en'),
(241, 121, 'ليبيريا', 'دولار ليبيري', 'ar'),
(242, 121, 'Liberia', 'LRD', 'en'),
(243, 122, 'ليبيا', 'دينار ليبي', 'ar'),
(244, 122, 'Libya', 'LYD', 'en'),
(245, 123, 'ليختنشتاين', 'فرنك سويسري', 'ar'),
(246, 123, 'Liechtenstein', 'CHF', 'en'),
(247, 124, 'ليتوانيا', 'يورو', 'ar'),
(248, 124, 'Lithuania', 'EUR', 'en'),
(249, 125, 'لوكسمبورغ', 'يورو', 'ar'),
(250, 125, 'Luxembourg', 'EUR', 'en'),
(251, 126, 'ماكاو', 'باتاكا ماكاوية', 'ar'),
(252, 126, 'Macau', 'MOP', 'en'),
(253, 127, 'مقدونيا', 'دينار مقدوني', 'ar'),
(254, 127, 'Macedonia', 'MKD', 'en'),
(255, 128, 'مدغشقر', 'أرياري مدغشقري', 'ar'),
(256, 128, 'Madagascar', 'MGA', 'en'),
(257, 129, 'مالاوي', 'كواشا ملاوية', 'ar'),
(258, 129, 'Malawi', 'MWK', 'en'),
(259, 130, 'ماليزيا', 'رينغيت ماليزي', 'ar'),
(260, 130, 'Malaysia', 'MYR', 'en'),
(261, 131, 'جزر المالديف', 'روفيا مالديفية', 'ar'),
(262, 131, 'Maldives', 'MVR', 'en'),
(263, 132, 'مالي', 'فرنك غرب أفريقي', 'ar'),
(264, 132, 'Mali', 'XOF', 'en'),
(265, 133, 'مالطا', 'يورو', 'ar'),
(266, 133, 'Malta', 'EUR', 'en'),
(267, 134, 'جزيرة مان', 'جنيه إسترليني', 'ar'),
(268, 134, 'Isle of Man', 'GBP', 'en'),
(269, 135, 'جزر مارشال', 'دولار أمريكي', 'ar'),
(270, 135, 'Marshall Islands', 'USD', 'en'),
(271, 136, 'مارتينيك', 'يورو', 'ar'),
(272, 136, 'Martinique', 'EUR', 'en'),
(273, 137, 'موريتانيا', 'أوقية موريتانية', 'ar'),
(274, 137, 'Mauritania', 'MRO', 'en'),
(275, 138, 'موريشيوس', 'روبي موريشي', 'ar'),
(276, 138, 'Mauritius', 'MUR', 'en'),
(277, 139, 'مايوت', 'يورو', 'ar'),
(278, 139, 'Mayotte', 'EUR', 'en'),
(279, 140, 'المكسيك', 'بيزو مكسيكي', 'ar'),
(280, 140, 'Mexico', 'MXN', 'en'),
(281, 141, 'ولايات ميكرونيزيا الموحدة', 'دولار أمريكي', 'ar'),
(282, 141, 'Micronesia', 'USD', 'en'),
(283, 142, 'مولدوفا', 'ليو مولدوفي', 'ar'),
(284, 142, 'Moldova', 'MDL', 'en'),
(285, 143, 'موناكو', 'يورو', 'ar'),
(286, 143, 'Monaco', 'EUR', 'en'),
(287, 144, 'منغوليا', 'توغروغ منغولي', 'ar'),
(288, 144, 'Mongolia', 'MNT', 'en'),
(289, 145, 'الجبل الأسود', 'يورو', 'ar'),
(290, 145, 'Montenegro', 'EUR', 'en'),
(291, 146, 'مونتسيرات', 'دولار شرق الكاريبي', 'ar'),
(292, 146, 'Montserrat', 'XCD', 'en'),
(293, 147, 'المغرب', 'درهم مغربي', 'ar'),
(294, 147, 'Morocco', 'MAD', 'en'),
(295, 148, 'موزمبيق', 'متكال موزمبيقي', 'ar'),
(296, 148, 'Mozambique', 'MZN', 'en'),
(297, 149, 'ميانمار', 'كيات ميانماري', 'ar'),
(298, 149, 'Myanmar', 'MMK', 'en'),
(299, 150, 'ناميبيا', 'راند جنوب أفريقي', 'ar'),
(300, 150, 'Namibia', 'NAD', 'en'),
(301, 151, 'ناورو', 'دولار أسترالي', 'ar'),
(302, 151, 'Nauru', 'AUD', 'en'),
(303, 152, 'نيبال', 'روبية نيبالية', 'ar'),
(304, 152, 'Nepal', 'NPR', 'en'),
(305, 153, 'هولندا', 'يورو', 'ar'),
(306, 153, 'Netherlands', 'EUR', 'en'),
(307, 154, 'كاليدونيا الجديدة', 'فرنك باسيفيكي', 'ar'),
(308, 154, 'New Caledonia', 'XPF', 'en'),
(309, 155, 'نيوزيلندا ', 'دولار نيوزيلندي', 'ar'),
(310, 155, 'New Zealand', 'NZD', 'en'),
(311, 156, 'نيكاراغوا', 'كوردبا نيكاراغوا', 'ar'),
(312, 156, 'Nicaragua', 'NIO', 'en'),
(313, 157, 'النيجر', 'فرنك غرب أفريقي', 'ar'),
(314, 157, 'Niger', 'XOF', 'en'),
(315, 158, 'نيجيريا', 'نيرة نيجيرية', 'ar'),
(316, 158, 'Nigeria', 'NGN', 'en'),
(317, 159, 'نييوي', 'دولار نيوزيلندي', 'ar'),
(318, 159, 'Niue', 'NZD', 'en'),
(319, 160, 'جزيرة نورفولك', 'دولار أسترالي', 'ar'),
(320, 160, 'Norfolk Island', 'AUD', 'en'),
(321, 161, 'جزر ماريانا الشمالية', 'دولار أمريكي', 'ar'),
(322, 161, 'Northern Mariana Islands', 'USD', 'en'),
(323, 162, 'النرويج', 'كرونة نروجية', 'ar'),
(324, 162, 'Norway', 'NOK', 'en'),
(325, 163, 'سلطنة عمان', 'ريال عماني', 'ar'),
(326, 163, 'Oman', 'OMR', 'en'),
(327, 164, 'باكستان', 'روبية باكستانية', 'ar'),
(328, 164, 'Pakistan', 'PKR', 'en'),
(329, 165, 'بالاو', 'دولار أمريكي', 'ar'),
(330, 165, 'Palau', 'USD', 'en'),
(331, 166, 'الأراضي الفلسطينية', 'شيكل إسرائيلي', 'ar'),
(332, 166, 'Palestinian Territory', 'ILS', 'en'),
(333, 167, 'بناما', 'دولار أمريكي', 'ar'),
(334, 167, 'Panama', 'USD', 'en'),
(335, 168, 'بابوا غينيا الجديدة', 'بابوا غينيا الجديدة', 'ar'),
(336, 168, 'Papua new Guinea', 'PGK', 'en'),
(337, 169, 'باراغواي', 'غواراني باراغواي', 'ar'),
(338, 169, 'Paraguay', 'PYG', 'en'),
(339, 170, 'بيرو', 'سول بيروفي جديد', 'ar'),
(340, 170, 'Peru', 'PEN', 'en'),
(341, 171, 'الفلبين', 'بيسو فلبيني', 'ar'),
(342, 171, 'Philippines', 'PHP', 'en'),
(343, 172, 'بيتكيرن', 'دولار نيوزيلندي', 'ar'),
(344, 172, 'Pitcairn', 'NZD', 'en'),
(345, 173, 'بولندا', 'زلوتي بولندي', 'ar'),
(346, 173, 'Poland', 'PLN', 'en'),
(347, 174, 'البرتغال', 'يورو', 'ar'),
(348, 174, 'Portugal', 'EUR', 'en'),
(349, 175, 'بورتوريكو', 'دولار أمريكي', 'ar'),
(350, 175, 'Puerto Rico', 'USD', 'en'),
(351, 176, 'قطر', 'ريال قطري', 'ar'),
(352, 176, 'Qatar', 'QAR', 'en'),
(353, 177, 'ريونيون', 'يورو', 'ar'),
(354, 177, 'Reunion', 'EUR', 'en'),
(355, 178, 'رومانيا', 'ليو روماني', 'ar'),
(356, 178, 'Romania', 'RON', 'en'),
(357, 179, 'روسيا', 'روبل روسي', 'ar'),
(358, 179, 'Russia', 'RUB', 'en'),
(359, 180, 'رواندا', 'فرنك رواندي', 'ar'),
(360, 180, 'Rwanda', 'RWF', 'en'),
(361, 181, 'سانت هيلانة', 'جنيه سانت هيليني', 'ar'),
(362, 181, 'Saint Helena', 'SHP', 'en'),
(363, 182, 'سانت كيتس ونيفيس', 'دولار شرق الكاريبي', 'ar'),
(364, 182, 'Saint Kitts And Nevis', 'XCD', 'en'),
(365, 183, 'القديسة لوسيا', 'دولار شرق الكاريبي', 'ar'),
(366, 183, 'Saint Lucia', 'XCD', 'en'),
(367, 184, 'سانت بيير وميكلون', 'يورو', 'ar'),
(368, 184, 'Saint Pierre and Miquelon', 'EUR', 'en'),
(369, 185, 'سانت فنسنت وجزر غرينادين', 'دولار شرق الكاريبي', 'ar'),
(370, 185, 'Saint Vincent And The Grenadines', 'XCD', 'en'),
(371, 186, 'سانت بارتيليمي', 'يورو', 'ar'),
(372, 186, 'Saint-Barthelemy', 'EUR', 'en'),
(373, 187, 'سانت مارتن', 'يورو', 'ar'),
(374, 187, 'Saint-Martin', 'EUR', 'en'),
(375, 188, 'ساموا', 'تالا ساموي', 'ar'),
(376, 188, 'Samoa', 'WST', 'en'),
(377, 189, 'سان مارينو', 'يورو', 'ar'),
(378, 189, 'San Marino', 'EUR', 'en'),
(379, 190, 'ساو تومي وبرينسيبي', 'دوبرا ساو تومي وبرينسيب', 'ar'),
(380, 190, 'Sao Tome and Principe', 'STD', 'en'),
(381, 191, 'المملكة العربية السعودية', 'ريال سعودي', 'ar'),
(382, 191, 'Saudi Arabia', 'SAR', 'en'),
(383, 192, 'السنغال', 'فرنك غرب أفريقي', 'ar'),
(384, 192, 'Senegal', 'XOF', 'en'),
(385, 193, 'صربيا', 'دينار صربي', 'ar'),
(386, 193, 'Serbia', 'RSD', 'en'),
(387, 194, 'سيشيل', 'روبية سيشلية', 'ar'),
(388, 194, 'Seychelles', 'SCR', 'en'),
(389, 195, 'سيرا ليون', 'ليون سيراليوني', 'ar'),
(390, 195, 'Sierra Leone', 'SLL', 'en'),
(391, 196, 'سنغافورة', 'دولار سنغافوري', 'ar'),
(392, 196, 'Singapore', 'SGD', 'en'),
(393, 197, 'سلوفاكيا', 'يورو', 'ar'),
(394, 197, 'Slovakia', 'EUR', 'en'),
(395, 198, 'سلوفينيا', 'يورو', 'ar'),
(396, 198, 'Slovenia', 'EUR', 'en'),
(397, 199, 'جزر سليمان', 'دولار جزر سليمان', 'ar'),
(398, 199, 'Solomon Islands', 'SBD', 'en'),
(399, 200, 'الصومال', 'دولار أمريكي', 'ar'),
(400, 200, 'Somalia', 'USD', 'en'),
(401, 201, 'جنوب أفريقيا', 'راند جنوب أفريقي', 'ar'),
(402, 201, 'South Africa', 'ZAR', 'en'),
(403, 202, 'جنوب السودان', 'جنيه جنوب سوداني', 'ar'),
(404, 202, 'South Sudan', 'SSP', 'en'),
(405, 203, 'إسبانيا', 'يورو', 'ar'),
(406, 203, 'Spain', 'EUR', 'en'),
(407, 204, 'سيريلانكا', 'روبية سريلانكي', 'ar'),
(408, 204, 'Sri Lanka', 'LKR', 'en'),
(409, 205, 'السودان', 'جنيه سوداني', 'ar'),
(410, 205, 'Sudan', 'SDG', 'en'),
(411, 206, 'سورينام', 'دولار سورينامي', 'ar'),
(412, 206, 'Suriname', 'SRD', 'en'),
(413, 207, 'سوازيلاند', 'راند جنوب أفريقي', 'ar'),
(414, 207, 'Swaziland', 'SZL', 'en'),
(415, 208, 'السويد', 'كرونة سويدية', 'ar'),
(416, 208, 'Sweden', 'SEK', 'en'),
(417, 209, 'سويسرا', 'فرنك سويسري', 'ar'),
(418, 209, 'Switzerland', 'CHF', 'en'),
(419, 210, 'سوريا', 'ليرة سورية', 'ar'),
(420, 210, 'Syria', 'SYP', 'en'),
(421, 211, 'تايوان', 'دولار تايواني جديد', 'ar'),
(422, 211, 'Taiwan', 'TWD', 'en'),
(423, 212, 'طاجيكستان', 'ساماني طاجيكي', 'ar'),
(424, 212, 'Tajikistan', 'TJS', 'en'),
(425, 213, 'تنزانيا', 'شلن تنزاني', 'ar'),
(426, 213, 'Tanzania', 'TZS', 'en'),
(427, 214, 'تايلاند', 'بات تايلاندي', 'ar'),
(428, 214, 'Thailand', 'THB', 'en'),
(429, 215, 'توجو', 'فرنك غرب أفريقي', 'ar'),
(430, 215, 'Togo', 'XOF', 'en'),
(431, 216, 'توكيلاو', 'دولار نيوزيلندي', 'ar'),
(432, 216, 'Tokelau', 'NZD', 'en'),
(433, 217, 'تونغا', 'بانغا تونغي', 'ar'),
(434, 217, 'Tonga', 'TOP', 'en'),
(435, 218, 'ترينيداد وتوباغو', 'دولار ترينيداد وتوباغو', 'ar'),
(436, 218, 'Trinidad And Tobago', 'TTD', 'en'),
(437, 219, 'تونس', 'دينار تونسي', 'ar'),
(438, 219, 'Tunisia', 'TND', 'en'),
(439, 220, 'تركيا', 'ليرة تركية', 'ar'),
(440, 220, 'Turkey', 'TRY', 'en'),
(441, 221, 'تركمانستان', 'منات تركمانستاني', 'ar'),
(442, 221, 'Turkmenistan', 'TMT', 'en'),
(443, 222, 'جزر تركس وكايكوس', 'دولار أمريكي', 'ar'),
(444, 222, 'Turks And Caicos Islands', 'USD', 'en'),
(445, 223, 'توفالو', 'دولار أسترالي', 'ar'),
(446, 223, 'Tuvalu', 'AUD', 'en'),
(447, 224, 'أوغندا', 'شيلينغ أوغندي', 'ar'),
(448, 224, 'Uganda', 'UGX', 'en'),
(449, 225, 'أوكرانيا', 'هريفنا أوكرانية', 'ar'),
(450, 225, 'Ukraine', 'UAH', 'en'),
(451, 226, 'الإمارات العربية المتحدة', 'درهم إماراتي', 'ar'),
(452, 226, 'United Arab Emirates', 'AED', 'en'),
(453, 227, 'المملكة المتحدة', 'جنيه إسترليني', 'ar'),
(454, 227, 'United Kingdom', 'GBP', 'en'),
(455, 228, 'الولايات المتحدة', 'دولار أمريكي', 'ar'),
(456, 228, 'United States', 'USD', 'en'),
(457, 229, 'أوروغواي', 'بيزو أوروغواي', 'ar'),
(458, 229, 'Uruguay', 'UYU', 'en'),
(459, 230, 'أوزبكستان', 'سوم أوزبكستاني', 'ar'),
(460, 230, 'Uzbekistan', 'UZS', 'en'),
(461, 231, 'فانواتو', 'فاتو فانواتي', 'ar'),
(462, 231, 'Vanuatu', 'UZS', 'en'),
(463, 232, 'فنزويلا', 'بوليفار فنزويلي', 'ar'),
(464, 232, 'Venezuela', 'VUV', 'en'),
(465, 233, 'فيتنام', 'دونغ فيتنامي', 'ar'),
(466, 233, 'Vietnam', 'VND', 'en'),
(467, 234, 'جزر فيرجن البريطانية', 'دولار أمريكي', 'ar'),
(468, 234, 'Virgin Islands - British', 'USD', 'en'),
(469, 235, 'واليس وفوتونا', 'فرنك باسيفيكي', 'ar'),
(470, 235, 'Wallis And Futuna', 'XPF', 'en'),
(471, 236, 'الصحراء الغربية', 'درهم مغربي', 'ar'),
(472, 236, 'Western Sahara', 'MAD', 'en'),
(473, 237, 'اليمن', 'ريال يمني', 'ar'),
(474, 237, 'Yemen', 'YER', 'en'),
(475, 238, 'زامبيا', 'كواشا زامبي', 'ar'),
(476, 238, 'Zambia', 'ZMW', 'en'),
(477, 239, 'زيمبابوي', 'دولار أمريكي', 'ar'),
(478, 239, 'Zimbabwe', 'ZWL', 'en');

-- --------------------------------------------------------

--
-- Table structure for table `customers`
--

CREATE TABLE `customers` (
  `id` bigint(20) UNSIGNED NOT NULL,
  `name` varchar(255) COLLATE utf8mb4_unicode_ci NOT NULL,
  `phone` varchar(255) COLLATE utf8mb4_unicode_ci NOT NULL,
  `address` text COLLATE utf8mb4_unicode_ci NOT NULL,
  `created_at` timestamp NULL DEFAULT NULL,
  `updated_at` timestamp NULL DEFAULT NULL
) ENGINE=InnoDB DEFAULT CHARSET=utf8mb4 COLLATE=utf8mb4_unicode_ci;

--
-- Dumping data for table `customers`
--

INSERT INTO `customers` (`id`, `name`, `phone`, `address`, `created_at`, `updated_at`) VALUES
(1, 'ahmad', '0595817016', 'gaza', NULL, NULL),
(2, 'ahmad', '0595817016', 'gaza', NULL, NULL);

-- --------------------------------------------------------

--
-- Table structure for table `failed_jobs`
--

CREATE TABLE `failed_jobs` (
  `id` bigint(20) UNSIGNED NOT NULL,
  `connection` text COLLATE utf8mb4_unicode_ci NOT NULL,
  `queue` text COLLATE utf8mb4_unicode_ci NOT NULL,
  `payload` longtext COLLATE utf8mb4_unicode_ci NOT NULL,
  `exception` longtext COLLATE utf8mb4_unicode_ci NOT NULL,
  `failed_at` timestamp NOT NULL DEFAULT current_timestamp()
) ENGINE=InnoDB DEFAULT CHARSET=utf8mb4 COLLATE=utf8mb4_unicode_ci;

-- --------------------------------------------------------

--
-- Table structure for table `features`
--

CREATE TABLE `features` (
  `id` bigint(20) UNSIGNED NOT NULL,
  `image` varchar(255) COLLATE utf8mb4_unicode_ci NOT NULL DEFAULT 'default.png',
  `user_id` int(10) UNSIGNED NOT NULL,
  `active` int(11) NOT NULL DEFAULT 1,
  `created_at` timestamp NULL DEFAULT NULL,
  `updated_at` timestamp NULL DEFAULT NULL,
  `deleted_at` timestamp NULL DEFAULT NULL
) ENGINE=InnoDB DEFAULT CHARSET=utf8mb4 COLLATE=utf8mb4_unicode_ci;

-- --------------------------------------------------------

--
-- Table structure for table `feature_translations`
--

CREATE TABLE `feature_translations` (
  `id` bigint(20) UNSIGNED NOT NULL,
  `feature_id` int(10) UNSIGNED NOT NULL,
  `name` varchar(255) COLLATE utf8mb4_unicode_ci NOT NULL,
  `locale` varchar(255) COLLATE utf8mb4_unicode_ci NOT NULL
) ENGINE=InnoDB DEFAULT CHARSET=utf8mb4 COLLATE=utf8mb4_unicode_ci;

-- --------------------------------------------------------

--
-- Table structure for table `items`
--

CREATE TABLE `items` (
  `id` bigint(20) UNSIGNED NOT NULL,
  `category_id` int(10) UNSIGNED NOT NULL,
  `image` varchar(255) COLLATE utf8mb4_unicode_ci NOT NULL DEFAULT 'default.png',
  `purchase_price` double(8,2) NOT NULL,
  `sale_price` double(8,2) NOT NULL,
  `stock` int(11) NOT NULL,
  `created_at` timestamp NULL DEFAULT NULL,
  `updated_at` timestamp NULL DEFAULT NULL,
  `deleted_at` timestamp NULL DEFAULT NULL
) ENGINE=InnoDB DEFAULT CHARSET=utf8mb4 COLLATE=utf8mb4_unicode_ci;

-- --------------------------------------------------------

--
-- Table structure for table `item_translations`
--

CREATE TABLE `item_translations` (
  `id` bigint(20) UNSIGNED NOT NULL,
  `item_id` int(10) UNSIGNED NOT NULL,
  `name` varchar(255) COLLATE utf8mb4_unicode_ci NOT NULL,
  `details` text COLLATE utf8mb4_unicode_ci NOT NULL,
  `locale` varchar(255) COLLATE utf8mb4_unicode_ci NOT NULL
) ENGINE=InnoDB DEFAULT CHARSET=utf8mb4 COLLATE=utf8mb4_unicode_ci;

-- --------------------------------------------------------

--
-- Table structure for table `locations`
--

CREATE TABLE `locations` (
  `id` bigint(20) UNSIGNED NOT NULL,
  `country_id` int(10) UNSIGNED NOT NULL,
  `active` int(11) NOT NULL DEFAULT 1,
  `created_at` timestamp NULL DEFAULT NULL,
  `updated_at` timestamp NULL DEFAULT NULL,
  `deleted_at` timestamp NULL DEFAULT NULL
) ENGINE=InnoDB DEFAULT CHARSET=utf8mb4 COLLATE=utf8mb4_unicode_ci;

-- --------------------------------------------------------

--
-- Table structure for table `location_translations`
--

CREATE TABLE `location_translations` (
  `id` bigint(20) UNSIGNED NOT NULL,
  `location_id` int(10) UNSIGNED NOT NULL,
  `name` varchar(255) COLLATE utf8mb4_unicode_ci NOT NULL,
  `locale` varchar(255) COLLATE utf8mb4_unicode_ci NOT NULL
) ENGINE=InnoDB DEFAULT CHARSET=utf8mb4 COLLATE=utf8mb4_unicode_ci;

-- --------------------------------------------------------

--
-- Table structure for table `menus`
--

CREATE TABLE `menus` (
  `id` bigint(20) UNSIGNED NOT NULL,
  `created_at` timestamp NULL DEFAULT NULL,
  `updated_at` timestamp NULL DEFAULT NULL
) ENGINE=InnoDB DEFAULT CHARSET=utf8mb4 COLLATE=utf8mb4_unicode_ci;

-- --------------------------------------------------------

--
-- Table structure for table `migrations`
--

CREATE TABLE `migrations` (
  `id` int(10) UNSIGNED NOT NULL,
  `migration` varchar(255) COLLATE utf8mb4_unicode_ci NOT NULL,
  `batch` int(11) NOT NULL
) ENGINE=InnoDB DEFAULT CHARSET=utf8mb4 COLLATE=utf8mb4_unicode_ci;

--
-- Dumping data for table `migrations`
--

INSERT INTO `migrations` (`id`, `migration`, `batch`) VALUES
(1, '2014_10_12_000000_create_users_table', 1),
(2, '2014_10_12_100000_create_password_resets_table', 1),
(3, '2019_08_19_000000_create_failed_jobs_table', 1),
(4, '2020_08_06_123741_laratrust_setup_tables', 1),
(5, '2020_08_08_135914_create_categories_table', 1),
(6, '2020_08_10_223649_create_customers_table', 1),
(7, '2020_08_10_223701_create_locations_table', 1),
(8, '2020_08_10_223715_create_notifications_table', 1),
(9, '2020_08_10_223732_create_orders_table', 1),
(10, '2020_08_11_095631_create_countries_table', 1),
(11, '2020_08_11_104322_create_settings_table', 1),
(12, '2020_08_12_152149_create_sliders_table', 1),
(13, '2020_08_12_152204_create_menus_table', 1),
(14, '2020_08_12_152215_create_brands_table', 1),
(15, '2020_08_12_152228_create_pages_table', 1),
(16, '2020_08_12_152240_create_contacts_table', 1),
(17, '2020_08_13_000501_create_category_translations_table', 1),
(18, '2020_08_13_004202_create_items_table', 1),
(19, '2020_08_13_153130_create_country_translations_table', 1),
(20, '2020_08_14_073232_create_location_translations_table', 1),
(21, '2020_08_14_110648_create_item_translations_table', 1),
(22, '2020_08_15_112336_create_promo_codes_table', 1),
(23, '2020_08_15_163148_create_sub_categories_table', 1),
(24, '2020_08_17_111931_create_slider_translations_table', 1),
(25, '2020_08_17_122329_create_cities_table', 1),
(26, '2020_08_17_165738_create_city_translations_table', 1),
(27, '2020_08_17_172206_create_brand_translations_table', 1),
(28, '2020_08_18_175548_create_units_table', 1),
(29, '2020_08_18_175916_create_unit_translations_table', 1),
(30, '2020_08_18_221708_create_features_table', 1),
(31, '2020_08_18_221838_create_feature_translations_table', 1),
(32, '2020_08_19_070106_create_sub_category_translations_table', 1);

-- --------------------------------------------------------

--
-- Table structure for table `notifications`
--

CREATE TABLE `notifications` (
  `id` bigint(20) UNSIGNED NOT NULL,
  `created_at` timestamp NULL DEFAULT NULL,
  `updated_at` timestamp NULL DEFAULT NULL
) ENGINE=InnoDB DEFAULT CHARSET=utf8mb4 COLLATE=utf8mb4_unicode_ci;

-- --------------------------------------------------------

--
-- Table structure for table `orders`
--

CREATE TABLE `orders` (
  `id` bigint(20) UNSIGNED NOT NULL,
  `created_at` timestamp NULL DEFAULT NULL,
  `updated_at` timestamp NULL DEFAULT NULL
) ENGINE=InnoDB DEFAULT CHARSET=utf8mb4 COLLATE=utf8mb4_unicode_ci;

-- --------------------------------------------------------

--
-- Table structure for table `pages`
--

CREATE TABLE `pages` (
  `id` bigint(20) UNSIGNED NOT NULL,
  `created_at` timestamp NULL DEFAULT NULL,
  `updated_at` timestamp NULL DEFAULT NULL
) ENGINE=InnoDB DEFAULT CHARSET=utf8mb4 COLLATE=utf8mb4_unicode_ci;

-- --------------------------------------------------------

--
-- Table structure for table `password_resets`
--

CREATE TABLE `password_resets` (
  `email` varchar(255) COLLATE utf8mb4_unicode_ci NOT NULL,
  `token` varchar(255) COLLATE utf8mb4_unicode_ci NOT NULL,
  `created_at` timestamp NULL DEFAULT NULL
) ENGINE=InnoDB DEFAULT CHARSET=utf8mb4 COLLATE=utf8mb4_unicode_ci;

-- --------------------------------------------------------

--
-- Table structure for table `permissions`
--

CREATE TABLE `permissions` (
  `id` int(10) UNSIGNED NOT NULL,
  `name` varchar(255) COLLATE utf8mb4_unicode_ci NOT NULL,
  `display_name` varchar(255) COLLATE utf8mb4_unicode_ci DEFAULT NULL,
  `description` varchar(255) COLLATE utf8mb4_unicode_ci DEFAULT NULL,
  `created_at` timestamp NULL DEFAULT NULL,
  `updated_at` timestamp NULL DEFAULT NULL
) ENGINE=InnoDB DEFAULT CHARSET=utf8mb4 COLLATE=utf8mb4_unicode_ci;

--
-- Dumping data for table `permissions`
--

INSERT INTO `permissions` (`id`, `name`, `display_name`, `description`, `created_at`, `updated_at`) VALUES
(1, 'create_categories', 'Create Categories', 'Create Categories', '2020-08-19 04:22:33', '2020-08-19 04:22:33'),
(2, 'read_categories', 'Read Categories', 'Read Categories', '2020-08-19 04:22:33', '2020-08-19 04:22:33'),
(3, 'update_categories', 'Update Categories', 'Update Categories', '2020-08-19 04:22:34', '2020-08-19 04:22:34'),
(4, 'delete_categories', 'Delete Categories', 'Delete Categories', '2020-08-19 04:22:34', '2020-08-19 04:22:34'),
(5, 'create_subcategories', 'Create Subcategories', 'Create Subcategories', '2020-08-19 04:22:34', '2020-08-19 04:22:34'),
(6, 'read_subcategories', 'Read Subcategories', 'Read Subcategories', '2020-08-19 04:22:34', '2020-08-19 04:22:34'),
(7, 'update_subcategories', 'Update Subcategories', 'Update Subcategories', '2020-08-19 04:22:34', '2020-08-19 04:22:34'),
(8, 'delete_subcategories', 'Delete Subcategories', 'Delete Subcategories', '2020-08-19 04:22:34', '2020-08-19 04:22:34'),
(9, 'create_locations', 'Create Locations', 'Create Locations', '2020-08-19 04:22:34', '2020-08-19 04:22:34'),
(10, 'read_locations', 'Read Locations', 'Read Locations', '2020-08-19 04:22:34', '2020-08-19 04:22:34'),
(11, 'update_locations', 'Update Locations', 'Update Locations', '2020-08-19 04:22:34', '2020-08-19 04:22:34'),
(12, 'delete_locations', 'Delete Locations', 'Delete Locations', '2020-08-19 04:22:34', '2020-08-19 04:22:34'),
(13, 'create_notifications', 'Create Notifications', 'Create Notifications', '2020-08-19 04:22:34', '2020-08-19 04:22:34'),
(14, 'read_notifications', 'Read Notifications', 'Read Notifications', '2020-08-19 04:22:34', '2020-08-19 04:22:34'),
(15, 'update_notifications', 'Update Notifications', 'Update Notifications', '2020-08-19 04:22:34', '2020-08-19 04:22:34'),
(16, 'delete_notifications', 'Delete Notifications', 'Delete Notifications', '2020-08-19 04:22:34', '2020-08-19 04:22:34'),
(17, 'create_orders', 'Create Orders', 'Create Orders', '2020-08-19 04:22:34', '2020-08-19 04:22:34'),
(18, 'read_orders', 'Read Orders', 'Read Orders', '2020-08-19 04:22:34', '2020-08-19 04:22:34'),
(19, 'update_orders', 'Update Orders', 'Update Orders', '2020-08-19 04:22:34', '2020-08-19 04:22:34'),
(20, 'delete_orders', 'Delete Orders', 'Delete Orders', '2020-08-19 04:22:34', '2020-08-19 04:22:34'),
(21, 'create_customers', 'Create Customers', 'Create Customers', '2020-08-19 04:22:34', '2020-08-19 04:22:34'),
(22, 'read_customers', 'Read Customers', 'Read Customers', '2020-08-19 04:22:34', '2020-08-19 04:22:34'),
(23, 'update_customers', 'Update Customers', 'Update Customers', '2020-08-19 04:22:34', '2020-08-19 04:22:34'),
(24, 'delete_customers', 'Delete Customers', 'Delete Customers', '2020-08-19 04:22:34', '2020-08-19 04:22:34'),
(25, 'create_items', 'Create Items', 'Create Items', '2020-08-19 04:22:34', '2020-08-19 04:22:34'),
(26, 'read_items', 'Read Items', 'Read Items', '2020-08-19 04:22:34', '2020-08-19 04:22:34'),
(27, 'update_items', 'Update Items', 'Update Items', '2020-08-19 04:22:34', '2020-08-19 04:22:34'),
(28, 'delete_items', 'Delete Items', 'Delete Items', '2020-08-19 04:22:34', '2020-08-19 04:22:34'),
(29, 'create_contacts', 'Create Contacts', 'Create Contacts', '2020-08-19 04:22:34', '2020-08-19 04:22:34'),
(30, 'read_contacts', 'Read Contacts', 'Read Contacts', '2020-08-19 04:22:34', '2020-08-19 04:22:34'),
(31, 'update_contacts', 'Update Contacts', 'Update Contacts', '2020-08-19 04:22:35', '2020-08-19 04:22:35'),
(32, 'delete_contacts', 'Delete Contacts', 'Delete Contacts', '2020-08-19 04:22:35', '2020-08-19 04:22:35'),
(33, 'create_brands', 'Create Brands', 'Create Brands', '2020-08-19 04:22:35', '2020-08-19 04:22:35'),
(34, 'read_brands', 'Read Brands', 'Read Brands', '2020-08-19 04:22:35', '2020-08-19 04:22:35'),
(35, 'update_brands', 'Update Brands', 'Update Brands', '2020-08-19 04:22:35', '2020-08-19 04:22:35'),
(36, 'delete_brands', 'Delete Brands', 'Delete Brands', '2020-08-19 04:22:35', '2020-08-19 04:22:35'),
(37, 'create_countries', 'Create Countries', 'Create Countries', '2020-08-19 04:22:35', '2020-08-19 04:22:35'),
(38, 'read_countries', 'Read Countries', 'Read Countries', '2020-08-19 04:22:35', '2020-08-19 04:22:35'),
(39, 'update_countries', 'Update Countries', 'Update Countries', '2020-08-19 04:22:35', '2020-08-19 04:22:35'),
(40, 'delete_countries', 'Delete Countries', 'Delete Countries', '2020-08-19 04:22:35', '2020-08-19 04:22:35'),
(41, 'create_cities', 'Create Cities', 'Create Cities', '2020-08-19 04:22:35', '2020-08-19 04:22:35'),
(42, 'read_cities', 'Read Cities', 'Read Cities', '2020-08-19 04:22:35', '2020-08-19 04:22:35'),
(43, 'update_cities', 'Update Cities', 'Update Cities', '2020-08-19 04:22:35', '2020-08-19 04:22:35'),
(44, 'delete_cities', 'Delete Cities', 'Delete Cities', '2020-08-19 04:22:35', '2020-08-19 04:22:35'),
(45, 'create_units', 'Create Units', 'Create Units', '2020-08-19 04:22:35', '2020-08-19 04:22:35'),
(46, 'read_units', 'Read Units', 'Read Units', '2020-08-19 04:22:35', '2020-08-19 04:22:35'),
(47, 'update_units', 'Update Units', 'Update Units', '2020-08-19 04:22:35', '2020-08-19 04:22:35'),
(48, 'delete_units', 'Delete Units', 'Delete Units', '2020-08-19 04:22:35', '2020-08-19 04:22:35'),
(49, 'create_users', 'Create Users', 'Create Users', '2020-08-19 04:22:35', '2020-08-19 04:22:35'),
(50, 'read_users', 'Read Users', 'Read Users', '2020-08-19 04:22:35', '2020-08-19 04:22:35'),
(51, 'update_users', 'Update Users', 'Update Users', '2020-08-19 04:22:35', '2020-08-19 04:22:35'),
(52, 'delete_users', 'Delete Users', 'Delete Users', '2020-08-19 04:22:35', '2020-08-19 04:22:35'),
(53, 'create_settings', 'Create Settings', 'Create Settings', '2020-08-19 04:22:35', '2020-08-19 04:22:35'),
(54, 'read_settings', 'Read Settings', 'Read Settings', '2020-08-19 04:22:35', '2020-08-19 04:22:35'),
(55, 'update_settings', 'Update Settings', 'Update Settings', '2020-08-19 04:22:35', '2020-08-19 04:22:35'),
(56, 'delete_settings', 'Delete Settings', 'Delete Settings', '2020-08-19 04:22:35', '2020-08-19 04:22:35');

-- --------------------------------------------------------

--
-- Table structure for table `permission_role`
--

CREATE TABLE `permission_role` (
  `permission_id` int(10) UNSIGNED NOT NULL,
  `role_id` int(10) UNSIGNED NOT NULL
) ENGINE=InnoDB DEFAULT CHARSET=utf8mb4 COLLATE=utf8mb4_unicode_ci;

--
-- Dumping data for table `permission_role`
--

INSERT INTO `permission_role` (`permission_id`, `role_id`) VALUES
(1, 1),
(2, 1),
(3, 1),
(4, 1),
(5, 1),
(6, 1),
(7, 1),
(8, 1),
(9, 1),
(10, 1),
(11, 1),
(12, 1),
(13, 1),
(14, 1),
(15, 1),
(16, 1),
(17, 1),
(18, 1),
(19, 1),
(20, 1),
(21, 1),
(22, 1),
(23, 1),
(24, 1),
(25, 1),
(26, 1),
(27, 1),
(28, 1),
(29, 1),
(30, 1),
(31, 1),
(32, 1),
(33, 1),
(34, 1),
(35, 1),
(36, 1),
(37, 1),
(38, 1),
(39, 1),
(40, 1),
(41, 1),
(42, 1),
(43, 1),
(44, 1),
(45, 1),
(46, 1),
(47, 1),
(48, 1),
(49, 1),
(50, 1),
(51, 1),
(52, 1),
(53, 1),
(54, 1),
(55, 1),
(56, 1);

-- --------------------------------------------------------

--
-- Table structure for table `permission_user`
--

CREATE TABLE `permission_user` (
  `permission_id` int(10) UNSIGNED NOT NULL,
  `user_id` int(10) UNSIGNED NOT NULL,
  `user_type` varchar(255) COLLATE utf8mb4_unicode_ci NOT NULL
) ENGINE=InnoDB DEFAULT CHARSET=utf8mb4 COLLATE=utf8mb4_unicode_ci;

-- --------------------------------------------------------

--
-- Table structure for table `promo_codes`
--

CREATE TABLE `promo_codes` (
  `id` bigint(20) UNSIGNED NOT NULL,
  `codetext` text COLLATE utf8mb4_unicode_ci NOT NULL,
  `type` int(11) NOT NULL DEFAULT 0 COMMENT '0 => %',
  `discount` double(8,2) NOT NULL,
  `date_from` datetime NOT NULL,
  `date_to` datetime NOT NULL,
  `active` int(11) NOT NULL DEFAULT 1,
  `once` int(11) NOT NULL DEFAULT 0 COMMENT '0 => once',
  `created_at` timestamp NULL DEFAULT NULL,
  `updated_at` timestamp NULL DEFAULT NULL,
  `deleted_at` timestamp NULL DEFAULT NULL
) ENGINE=InnoDB DEFAULT CHARSET=utf8mb4 COLLATE=utf8mb4_unicode_ci;

-- --------------------------------------------------------

--
-- Table structure for table `roles`
--

CREATE TABLE `roles` (
  `id` int(10) UNSIGNED NOT NULL,
  `name` varchar(255) COLLATE utf8mb4_unicode_ci NOT NULL,
  `display_name` varchar(255) COLLATE utf8mb4_unicode_ci DEFAULT NULL,
  `description` varchar(255) COLLATE utf8mb4_unicode_ci DEFAULT NULL,
  `created_at` timestamp NULL DEFAULT NULL,
  `updated_at` timestamp NULL DEFAULT NULL
) ENGINE=InnoDB DEFAULT CHARSET=utf8mb4 COLLATE=utf8mb4_unicode_ci;

--
-- Dumping data for table `roles`
--

INSERT INTO `roles` (`id`, `name`, `display_name`, `description`, `created_at`, `updated_at`) VALUES
(1, 'super_admin', 'Super Admin', 'Super Admin', '2020-08-19 04:22:33', '2020-08-19 04:22:33'),
(2, 'admin', 'Admin', 'Admin', '2020-08-19 04:22:37', '2020-08-19 04:22:37'),
(3, 'customer', 'Customer', 'Customer', '2020-08-19 04:22:37', '2020-08-19 04:22:37');

-- --------------------------------------------------------

--
-- Table structure for table `role_user`
--

CREATE TABLE `role_user` (
  `role_id` int(10) UNSIGNED NOT NULL,
  `user_id` int(10) UNSIGNED NOT NULL,
  `user_type` varchar(255) COLLATE utf8mb4_unicode_ci NOT NULL
) ENGINE=InnoDB DEFAULT CHARSET=utf8mb4 COLLATE=utf8mb4_unicode_ci;

--
-- Dumping data for table `role_user`
--

INSERT INTO `role_user` (`role_id`, `user_id`, `user_type`) VALUES
(1, 1, 'App\\User'),
(2, 2, 'App\\User');

-- --------------------------------------------------------

--
-- Table structure for table `settings`
--

CREATE TABLE `settings` (
  `id` bigint(20) UNSIGNED NOT NULL,
  `name` varchar(255) COLLATE utf8mb4_unicode_ci NOT NULL,
  `title` varchar(255) COLLATE utf8mb4_unicode_ci NOT NULL,
  `value` text COLLATE utf8mb4_unicode_ci NOT NULL,
  `type` varchar(255) COLLATE utf8mb4_unicode_ci NOT NULL,
  `options` text COLLATE utf8mb4_unicode_ci DEFAULT NULL,
  `sorting_number` text COLLATE utf8mb4_unicode_ci NOT NULL,
  `created_at` timestamp NULL DEFAULT NULL,
  `updated_at` timestamp NULL DEFAULT NULL,
  `deleted_at` timestamp NULL DEFAULT NULL
) ENGINE=InnoDB DEFAULT CHARSET=utf8mb4 COLLATE=utf8mb4_unicode_ci;

-- --------------------------------------------------------

--
-- Table structure for table `sliders`
--

CREATE TABLE `sliders` (
  `id` bigint(20) UNSIGNED NOT NULL,
  `user_id` int(10) UNSIGNED NOT NULL,
  `active` int(11) NOT NULL DEFAULT 1,
  `image` varchar(255) COLLATE utf8mb4_unicode_ci NOT NULL DEFAULT 'default.png',
  `created_at` timestamp NULL DEFAULT NULL,
  `updated_at` timestamp NULL DEFAULT NULL,
  `deleted_at` timestamp NULL DEFAULT NULL
) ENGINE=InnoDB DEFAULT CHARSET=utf8mb4 COLLATE=utf8mb4_unicode_ci;

-- --------------------------------------------------------

--
-- Table structure for table `slider_translations`
--

CREATE TABLE `slider_translations` (
  `id` bigint(20) UNSIGNED NOT NULL,
  `slider_id` int(10) UNSIGNED NOT NULL,
  `text` varchar(255) COLLATE utf8mb4_unicode_ci DEFAULT NULL,
  `locale` varchar(255) COLLATE utf8mb4_unicode_ci NOT NULL
) ENGINE=InnoDB DEFAULT CHARSET=utf8mb4 COLLATE=utf8mb4_unicode_ci;

-- --------------------------------------------------------

--
-- Table structure for table `sub_categories`
--

CREATE TABLE `sub_categories` (
  `id` bigint(20) UNSIGNED NOT NULL,
  `created_at` timestamp NULL DEFAULT NULL,
  `updated_at` timestamp NULL DEFAULT NULL
) ENGINE=InnoDB DEFAULT CHARSET=utf8mb4 COLLATE=utf8mb4_unicode_ci;

-- --------------------------------------------------------

--
-- Table structure for table `sub_category_translations`
--

CREATE TABLE `sub_category_translations` (
  `id` bigint(20) UNSIGNED NOT NULL,
  `created_at` timestamp NULL DEFAULT NULL,
  `updated_at` timestamp NULL DEFAULT NULL
) ENGINE=InnoDB DEFAULT CHARSET=utf8mb4 COLLATE=utf8mb4_unicode_ci;

-- --------------------------------------------------------

--
-- Table structure for table `units`
--

CREATE TABLE `units` (
  `id` bigint(20) UNSIGNED NOT NULL,
  `highest_quantity` double(8,2) DEFAULT NULL,
  `amount_increase` double(8,2) DEFAULT NULL,
  `user_id` int(10) UNSIGNED NOT NULL,
  `active` int(11) NOT NULL DEFAULT 1,
  `created_at` timestamp NULL DEFAULT NULL,
  `updated_at` timestamp NULL DEFAULT NULL,
  `deleted_at` timestamp NULL DEFAULT NULL
) ENGINE=InnoDB DEFAULT CHARSET=utf8mb4 COLLATE=utf8mb4_unicode_ci;

-- --------------------------------------------------------

--
-- Table structure for table `unit_translations`
--

CREATE TABLE `unit_translations` (
  `id` bigint(20) UNSIGNED NOT NULL,
  `unit_id` int(10) UNSIGNED NOT NULL,
  `name` varchar(255) COLLATE utf8mb4_unicode_ci NOT NULL,
  `locale` varchar(255) COLLATE utf8mb4_unicode_ci NOT NULL
) ENGINE=InnoDB DEFAULT CHARSET=utf8mb4 COLLATE=utf8mb4_unicode_ci;

-- --------------------------------------------------------

--
-- Table structure for table `users`
--

CREATE TABLE `users` (
  `id` bigint(20) UNSIGNED NOT NULL,
  `name` varchar(255) COLLATE utf8mb4_unicode_ci NOT NULL,
  `username` varchar(255) COLLATE utf8mb4_unicode_ci NOT NULL,
  `email` varchar(255) COLLATE utf8mb4_unicode_ci NOT NULL,
  `image` varchar(255) COLLATE utf8mb4_unicode_ci NOT NULL DEFAULT 'default.png',
  `active` int(11) NOT NULL DEFAULT 1,
  `email_verified_at` timestamp NULL DEFAULT NULL,
  `password` varchar(255) COLLATE utf8mb4_unicode_ci NOT NULL,
  `remember_token` varchar(100) COLLATE utf8mb4_unicode_ci DEFAULT NULL,
  `created_at` timestamp NULL DEFAULT NULL,
  `updated_at` timestamp NULL DEFAULT NULL,
  `deleted_at` timestamp NULL DEFAULT NULL
) ENGINE=InnoDB DEFAULT CHARSET=utf8mb4 COLLATE=utf8mb4_unicode_ci;

--
-- Dumping data for table `users`
--

INSERT INTO `users` (`id`, `name`, `username`, `email`, `image`, `active`, `email_verified_at`, `password`, `remember_token`, `created_at`, `updated_at`, `deleted_at`) VALUES
(1, 'super', 'super_admin', 'super@admin.com', 'default.png', 1, NULL, '$2y$10$sJmCe2STHQpGsJWwgayf8e8ifiaRLuoTCozF/VSwvUD7ChQ7k.nsi', NULL, '2020-08-18 21:00:00', '2020-08-18 21:00:00', NULL),
(2, 'admin', 'admin', 'admin@admin.com', 'default.png', 1, NULL, '$2y$10$zEwZiggNxirp5yMoZD4cTezq63yHzfA9uqsJD3tufcUBCLQEgeI2q', NULL, '2020-08-18 21:00:00', '2020-08-18 21:00:00', NULL);

--
-- Indexes for dumped tables
--

--
-- Indexes for table `brands`
--
ALTER TABLE `brands`
  ADD PRIMARY KEY (`id`);

--
-- Indexes for table `brand_translations`
--
ALTER TABLE `brand_translations`
  ADD PRIMARY KEY (`id`),
  ADD UNIQUE KEY `brand_translations_brand_id_locale_unique` (`brand_id`,`locale`),
  ADD KEY `brand_translations_locale_index` (`locale`);

--
-- Indexes for table `categories`
--
ALTER TABLE `categories`
  ADD PRIMARY KEY (`id`);

--
-- Indexes for table `category_translations`
--
ALTER TABLE `category_translations`
  ADD PRIMARY KEY (`id`),
  ADD UNIQUE KEY `category_translations_category_id_locale_unique` (`category_id`,`locale`),
  ADD KEY `category_translations_locale_index` (`locale`);

--
-- Indexes for table `cities`
--
ALTER TABLE `cities`
  ADD PRIMARY KEY (`id`);

--
-- Indexes for table `city_translations`
--
ALTER TABLE `city_translations`
  ADD PRIMARY KEY (`id`),
  ADD UNIQUE KEY `city_translations_city_id_locale_unique` (`city_id`,`locale`),
  ADD KEY `city_translations_locale_index` (`locale`);

--
-- Indexes for table `contacts`
--
ALTER TABLE `contacts`
  ADD PRIMARY KEY (`id`);

--
-- Indexes for table `countries`
--
ALTER TABLE `countries`
  ADD PRIMARY KEY (`id`);

--
-- Indexes for table `country_translations`
--
ALTER TABLE `country_translations`
  ADD PRIMARY KEY (`id`),
  ADD UNIQUE KEY `country_translations_country_id_locale_unique` (`country_id`,`locale`),
  ADD KEY `country_translations_locale_index` (`locale`);

--
-- Indexes for table `customers`
--
ALTER TABLE `customers`
  ADD PRIMARY KEY (`id`);

--
-- Indexes for table `failed_jobs`
--
ALTER TABLE `failed_jobs`
  ADD PRIMARY KEY (`id`);

--
-- Indexes for table `features`
--
ALTER TABLE `features`
  ADD PRIMARY KEY (`id`);

--
-- Indexes for table `feature_translations`
--
ALTER TABLE `feature_translations`
  ADD PRIMARY KEY (`id`),
  ADD UNIQUE KEY `feature_translations_feature_id_locale_unique` (`feature_id`,`locale`),
  ADD KEY `feature_translations_locale_index` (`locale`);

--
-- Indexes for table `items`
--
ALTER TABLE `items`
  ADD PRIMARY KEY (`id`);

--
-- Indexes for table `item_translations`
--
ALTER TABLE `item_translations`
  ADD PRIMARY KEY (`id`),
  ADD UNIQUE KEY `item_translations_item_id_locale_unique` (`item_id`,`locale`),
  ADD KEY `item_translations_locale_index` (`locale`);

--
-- Indexes for table `locations`
--
ALTER TABLE `locations`
  ADD PRIMARY KEY (`id`);

--
-- Indexes for table `location_translations`
--
ALTER TABLE `location_translations`
  ADD PRIMARY KEY (`id`),
  ADD UNIQUE KEY `location_translations_location_id_locale_unique` (`location_id`,`locale`),
  ADD KEY `location_translations_locale_index` (`locale`);

--
-- Indexes for table `menus`
--
ALTER TABLE `menus`
  ADD PRIMARY KEY (`id`);

--
-- Indexes for table `migrations`
--
ALTER TABLE `migrations`
  ADD PRIMARY KEY (`id`);

--
-- Indexes for table `notifications`
--
ALTER TABLE `notifications`
  ADD PRIMARY KEY (`id`);

--
-- Indexes for table `orders`
--
ALTER TABLE `orders`
  ADD PRIMARY KEY (`id`);

--
-- Indexes for table `pages`
--
ALTER TABLE `pages`
  ADD PRIMARY KEY (`id`);

--
-- Indexes for table `password_resets`
--
ALTER TABLE `password_resets`
  ADD KEY `password_resets_email_index` (`email`);

--
-- Indexes for table `permissions`
--
ALTER TABLE `permissions`
  ADD PRIMARY KEY (`id`),
  ADD UNIQUE KEY `permissions_name_unique` (`name`);

--
-- Indexes for table `permission_role`
--
ALTER TABLE `permission_role`
  ADD PRIMARY KEY (`permission_id`,`role_id`),
  ADD KEY `permission_role_role_id_foreign` (`role_id`);

--
-- Indexes for table `permission_user`
--
ALTER TABLE `permission_user`
  ADD PRIMARY KEY (`user_id`,`permission_id`,`user_type`),
  ADD KEY `permission_user_permission_id_foreign` (`permission_id`);

--
-- Indexes for table `promo_codes`
--
ALTER TABLE `promo_codes`
  ADD PRIMARY KEY (`id`);

--
-- Indexes for table `roles`
--
ALTER TABLE `roles`
  ADD PRIMARY KEY (`id`),
  ADD UNIQUE KEY `roles_name_unique` (`name`);

--
-- Indexes for table `role_user`
--
ALTER TABLE `role_user`
  ADD PRIMARY KEY (`user_id`,`role_id`,`user_type`),
  ADD KEY `role_user_role_id_foreign` (`role_id`);

--
-- Indexes for table `settings`
--
ALTER TABLE `settings`
  ADD PRIMARY KEY (`id`);

--
-- Indexes for table `sliders`
--
ALTER TABLE `sliders`
  ADD PRIMARY KEY (`id`);

--
-- Indexes for table `slider_translations`
--
ALTER TABLE `slider_translations`
  ADD PRIMARY KEY (`id`),
  ADD UNIQUE KEY `slider_translations_slider_id_locale_unique` (`slider_id`,`locale`),
  ADD KEY `slider_translations_locale_index` (`locale`);

--
-- Indexes for table `sub_categories`
--
ALTER TABLE `sub_categories`
  ADD PRIMARY KEY (`id`);

--
-- Indexes for table `sub_category_translations`
--
ALTER TABLE `sub_category_translations`
  ADD PRIMARY KEY (`id`);

--
-- Indexes for table `units`
--
ALTER TABLE `units`
  ADD PRIMARY KEY (`id`);

--
-- Indexes for table `unit_translations`
--
ALTER TABLE `unit_translations`
  ADD PRIMARY KEY (`id`),
  ADD UNIQUE KEY `unit_translations_unit_id_locale_unique` (`unit_id`,`locale`),
  ADD KEY `unit_translations_locale_index` (`locale`);

--
-- Indexes for table `users`
--
ALTER TABLE `users`
  ADD PRIMARY KEY (`id`),
  ADD UNIQUE KEY `users_username_unique` (`username`),
  ADD UNIQUE KEY `users_email_unique` (`email`);

--
-- AUTO_INCREMENT for dumped tables
--

--
-- AUTO_INCREMENT for table `brands`
--
ALTER TABLE `brands`
  MODIFY `id` bigint(20) UNSIGNED NOT NULL AUTO_INCREMENT;

--
-- AUTO_INCREMENT for table `brand_translations`
--
ALTER TABLE `brand_translations`
  MODIFY `id` bigint(20) UNSIGNED NOT NULL AUTO_INCREMENT;

--
-- AUTO_INCREMENT for table `categories`
--
ALTER TABLE `categories`
  MODIFY `id` bigint(20) UNSIGNED NOT NULL AUTO_INCREMENT, AUTO_INCREMENT=4;

--
-- AUTO_INCREMENT for table `category_translations`
--
ALTER TABLE `category_translations`
  MODIFY `id` bigint(20) UNSIGNED NOT NULL AUTO_INCREMENT, AUTO_INCREMENT=7;

--
-- AUTO_INCREMENT for table `cities`
--
ALTER TABLE `cities`
  MODIFY `id` bigint(20) UNSIGNED NOT NULL AUTO_INCREMENT;

--
-- AUTO_INCREMENT for table `city_translations`
--
ALTER TABLE `city_translations`
  MODIFY `id` bigint(20) UNSIGNED NOT NULL AUTO_INCREMENT;

--
-- AUTO_INCREMENT for table `contacts`
--
ALTER TABLE `contacts`
  MODIFY `id` bigint(20) UNSIGNED NOT NULL AUTO_INCREMENT, AUTO_INCREMENT=3;

--
-- AUTO_INCREMENT for table `countries`
--
ALTER TABLE `countries`
  MODIFY `id` bigint(20) UNSIGNED NOT NULL AUTO_INCREMENT, AUTO_INCREMENT=240;

--
-- AUTO_INCREMENT for table `country_translations`
--
ALTER TABLE `country_translations`
  MODIFY `id` bigint(20) UNSIGNED NOT NULL AUTO_INCREMENT, AUTO_INCREMENT=479;

--
-- AUTO_INCREMENT for table `customers`
--
ALTER TABLE `customers`
  MODIFY `id` bigint(20) UNSIGNED NOT NULL AUTO_INCREMENT, AUTO_INCREMENT=3;

--
-- AUTO_INCREMENT for table `failed_jobs`
--
ALTER TABLE `failed_jobs`
  MODIFY `id` bigint(20) UNSIGNED NOT NULL AUTO_INCREMENT;

--
-- AUTO_INCREMENT for table `features`
--
ALTER TABLE `features`
  MODIFY `id` bigint(20) UNSIGNED NOT NULL AUTO_INCREMENT;

--
-- AUTO_INCREMENT for table `feature_translations`
--
ALTER TABLE `feature_translations`
  MODIFY `id` bigint(20) UNSIGNED NOT NULL AUTO_INCREMENT;

--
-- AUTO_INCREMENT for table `items`
--
ALTER TABLE `items`
  MODIFY `id` bigint(20) UNSIGNED NOT NULL AUTO_INCREMENT;

--
-- AUTO_INCREMENT for table `item_translations`
--
ALTER TABLE `item_translations`
  MODIFY `id` bigint(20) UNSIGNED NOT NULL AUTO_INCREMENT;

--
-- AUTO_INCREMENT for table `locations`
--
ALTER TABLE `locations`
  MODIFY `id` bigint(20) UNSIGNED NOT NULL AUTO_INCREMENT;

--
-- AUTO_INCREMENT for table `location_translations`
--
ALTER TABLE `location_translations`
  MODIFY `id` bigint(20) UNSIGNED NOT NULL AUTO_INCREMENT;

--
-- AUTO_INCREMENT for table `menus`
--
ALTER TABLE `menus`
  MODIFY `id` bigint(20) UNSIGNED NOT NULL AUTO_INCREMENT;

--
-- AUTO_INCREMENT for table `migrations`
--
ALTER TABLE `migrations`
  MODIFY `id` int(10) UNSIGNED NOT NULL AUTO_INCREMENT, AUTO_INCREMENT=33;

--
-- AUTO_INCREMENT for table `notifications`
--
ALTER TABLE `notifications`
  MODIFY `id` bigint(20) UNSIGNED NOT NULL AUTO_INCREMENT;

--
-- AUTO_INCREMENT for table `orders`
--
ALTER TABLE `orders`
  MODIFY `id` bigint(20) UNSIGNED NOT NULL AUTO_INCREMENT;

--
-- AUTO_INCREMENT for table `pages`
--
ALTER TABLE `pages`
  MODIFY `id` bigint(20) UNSIGNED NOT NULL AUTO_INCREMENT;

--
-- AUTO_INCREMENT for table `permissions`
--
ALTER TABLE `permissions`
  MODIFY `id` int(10) UNSIGNED NOT NULL AUTO_INCREMENT, AUTO_INCREMENT=57;

--
-- AUTO_INCREMENT for table `promo_codes`
--
ALTER TABLE `promo_codes`
  MODIFY `id` bigint(20) UNSIGNED NOT NULL AUTO_INCREMENT;

--
-- AUTO_INCREMENT for table `roles`
--
ALTER TABLE `roles`
  MODIFY `id` int(10) UNSIGNED NOT NULL AUTO_INCREMENT, AUTO_INCREMENT=4;

--
-- AUTO_INCREMENT for table `settings`
--
ALTER TABLE `settings`
  MODIFY `id` bigint(20) UNSIGNED NOT NULL AUTO_INCREMENT;

--
-- AUTO_INCREMENT for table `sliders`
--
ALTER TABLE `sliders`
  MODIFY `id` bigint(20) UNSIGNED NOT NULL AUTO_INCREMENT;

--
-- AUTO_INCREMENT for table `slider_translations`
--
ALTER TABLE `slider_translations`
  MODIFY `id` bigint(20) UNSIGNED NOT NULL AUTO_INCREMENT;

--
-- AUTO_INCREMENT for table `sub_categories`
--
ALTER TABLE `sub_categories`
  MODIFY `id` bigint(20) UNSIGNED NOT NULL AUTO_INCREMENT;

--
-- AUTO_INCREMENT for table `sub_category_translations`
--
ALTER TABLE `sub_category_translations`
  MODIFY `id` bigint(20) UNSIGNED NOT NULL AUTO_INCREMENT;

--
-- AUTO_INCREMENT for table `units`
--
ALTER TABLE `units`
  MODIFY `id` bigint(20) UNSIGNED NOT NULL AUTO_INCREMENT;

--
-- AUTO_INCREMENT for table `unit_translations`
--
ALTER TABLE `unit_translations`
  MODIFY `id` bigint(20) UNSIGNED NOT NULL AUTO_INCREMENT;

--
-- AUTO_INCREMENT for table `users`
--
ALTER TABLE `users`
  MODIFY `id` bigint(20) UNSIGNED NOT NULL AUTO_INCREMENT, AUTO_INCREMENT=3;

--
-- Constraints for dumped tables
--

--
-- Constraints for table `permission_role`
--
ALTER TABLE `permission_role`
  ADD CONSTRAINT `permission_role_permission_id_foreign` FOREIGN KEY (`permission_id`) REFERENCES `permissions` (`id`) ON DELETE CASCADE ON UPDATE CASCADE,
  ADD CONSTRAINT `permission_role_role_id_foreign` FOREIGN KEY (`role_id`) REFERENCES `roles` (`id`) ON DELETE CASCADE ON UPDATE CASCADE;

--
-- Constraints for table `permission_user`
--
ALTER TABLE `permission_user`
  ADD CONSTRAINT `permission_user_permission_id_foreign` FOREIGN KEY (`permission_id`) REFERENCES `permissions` (`id`) ON DELETE CASCADE ON UPDATE CASCADE;

--
-- Constraints for table `role_user`
--
ALTER TABLE `role_user`
  ADD CONSTRAINT `role_user_role_id_foreign` FOREIGN KEY (`role_id`) REFERENCES `roles` (`id`) ON DELETE CASCADE ON UPDATE CASCADE;
COMMIT;

/*!40101 SET CHARACTER_SET_CLIENT=@OLD_CHARACTER_SET_CLIENT */;
/*!40101 SET CHARACTER_SET_RESULTS=@OLD_CHARACTER_SET_RESULTS */;
/*!40101 SET COLLATION_CONNECTION=@OLD_COLLATION_CONNECTION */;
